"W&C Hospital, Alappuzha",Alappuzha
"General Hospital, Ernakulam",Ernakulam
"District Hospital, Regional Blood Transfusion Centre, Aluva",Ernakulam
"District Hospital, Pynavu",Idukki
"District Hospital",Kanuur
"General Hospital, Thalassery",Kanuur
"Malabar Cancer Center, Thalassery",Kanuur
"General Hospital",Kasargod
"District Hospital, Kanhangad",Kasargod
"District Hospital",Kollam
"Taluk Head Quarters Hospital, Punalur",Kollam
"Taluk Head Quarters Hospital, Kottakkara",Kollam
"District Hospital",Kottayam
"Govt. General Hospital",Kozhikode
"Govt. W & C Hospital, Kottapparamba",Kozhikode
"Govt Hospital, Perinthalmanna",Malapputram
"District Hospital,Thirur",Malapputram
"District Hospital",Palakkad
"General Hospital",Pathanamthitta
"Taluk Head Quarters Hospital,Thiruvalla",Pathanamthitta
"General Hospital",Thiruvananthapuram
"Taluk head Quarter Hospital , Chirayinkeezhu",Thiruvananthapuram
"Women & Children Hospital, Thycaud",Thiruvananthapuram
"District Hospital, Neyyattinkara",Thiruvananthapuram
"District Hospital",Thrissur
"District Hospital, Manathavadi",Wayanad
"Taluk Head Quarters Hospital, Sulthan Bathery",Wayanad
"Medical College Hospital",Kozhikode
"Medical College Hospital, Mulangunnathukavu",Thrissur
"Medical College Hospital",Thiruvananthapuram
"Medical College Hospital, Gandhinagar",Kottayam
"Govt. Medical College Hospital, Kalamassery",Ernakulam
"Medical College Hospital, Vandanam",Alappuzha
"Medical College Hospital, Manjeri",Malapputram
"Govt. Medical College Hospital, Parippally",Kollam
"Regional Cancer Centre, Medical College Campus, Thiruvananthapuram (Under Central Govt.)",Thiruvananthapuram
"Sri ChithiraThirunal Institute of Medical Science & Technology Medical College Campus, Thiruvananthapuram (Under Central Govt.)",Thiruvananthapuram
"Academy of Medical Sciences, Pariyaram",Kannur
"The Payyannur Co-operative Hospital Society Ltd., Payyannur",Kannur
"Cannannore Co-operative Hospital Society, Talap",Kannur
"Tellichery Co-operative Hospital, Thalassery",Kannur
"Badagara Sahakarana Asupathri Ltd., Vatakara",Kozhikode
"Kozhikode District Co - Operative Hospital",Kozhikode
"Palakkad District Hospital & Research Centre Ltd.,Kallekkad",Palakkad
"INHS Sanjivani, Willingdon Island",Eranakulam
"K.V.M.Hospital, Chertala",Alappuzha
"Century Hospital, Mulakuzha, Chenganoor",Alappuzha
"Sacred Heart Hospital, Mathilakom, Cherthala",Alappuzha
"V S M Hospital, Thattarambalam, Mavelikkara",Alappuzha
"Sanjivani Multispeciality Hospital, Cheriyanad , Chengannur,",Alappuzha
"Carmel Hospital, Ashokapuram, Aluva",Ernakulam
"Little Flower Hospital, Angamaly, Ernakulam",Ernakulam
"Aster Medicity, Cheranelloor",Ernakulam
"Amritha Institute of Medical Sciences & Research Centre",Ernakulam
"Lisie Hospital, Kaloor",Ernakulam
"Malankara Orthodox Syrian Church Medical Mission Hospital, Kolencherry",Ernakulam
"Medical Trust Hospital, M.G. Road",Ernakulam
"P.V.S. Memorial Hospital Ltd, Kaloor",Ernakulam
"Samaritan Hospital, Kizhakambalam",Ernakulam
"Sunrise Institute of Medical Sciences (P) Ltd., Kakkanad",Ernakulam
"Devamatha Hospital, Koothattukulam",Ernakulam
"Mar Baselius Medical Mission Hospital, Kothamangalam",Ernakulam
"St Joseph Hospital, Dharmagiri, Kothamangalam",Ernakulam
"Lakeshore Hospital & Research Centre Ltd, Maradu, Nettoor",Ernakulam
"Nirmala Medical Center, Kizhakkekara, Moovattupuzha",Ernakulam
"Sree Narayana Institute of Medical Sciences, Chalakka, North Kuthyathode",Ernakulam
"Sanjoe Hospital, Perumbavoor",Ernakulam
"Rajagiri Hospital, Changamveli, Aluva",Ernakulam
"IMA Voluntary Donor Blood Bank",Ernakulam
"Lourds Hospital, Pachalam",Ernakulam
"Morning Star Medical Centre, Nazareth Hill, Adimali",Idukki
"St Johns Hospital, Kattappana South",Idukki
"M.M.T.Hospital, (Mundakkayam Medical Trust Hospital), Mundakayam East",Idukki
"Tata Tea Limited, General Hospital, Nullatanni, Munnar",Idukki
"Alphonsa Hospital, Annakara, Murikkassery",Idukki
"Holy Family Hospital, Muthalakodam, Thodupuzha",Idukki
"Al-Azhar Medical College & Hospital, Kumaramangalam, Thodupuzha",Idukki
"IMA Blood Bank Society, Thodupuzha",Idukki
"Chazhikkattu Hospital (P) Ltd., Thodupuzha",Idukki
"Kannur Medical College and Hospital, Anjarakandy",Kannur
"St.Martin De Porres Hospital, Cherukunnu",Kannur
"Sara Memorial Medical Laboratory and Blood Bank, Fort Road",Kannur
"Josgiri Hospital, Thalaseery",Kannur
"S.N.Trust Medical Mission Sankar Memorial Hospital",Kollam
"Upasana Hospital, Q.S. Road, N.H. 208",Kollam
"Padmavathy Medical Foundation, Manakkara",Kollam
"Azeezia Medical College, Meeyanoor",Kollam
"Travancore Medical College Hospital, Medicity, Umayanalloor",Kollam
"Bishop Benziger Hospital, Beach Road",Kollam
"Holy Cross Hospital, Kottiyam",Kollam
"IMA Blood Bank, Ashramam",Kollam
"St. Joseph Hospital, Anchal",Kollam
"Mary Queens Mission Hospital, Kanjirapally",Kottayam
"Little Lourde Mission Hospital, Kidangoor",Kottayam
"St Thomas Hospital, Chettipuzha, Changanacherry",Kottayam
"MUM Hospital, Monippally",Kottayam
"Holy Ghost Mission Hospital, Muttuchira",Kottayam
"Rotary Blood Bank, Mangad Building",Kottayam
"S.H. Medical Centre, Nagampadam",Kottayam
"Carmel Medical Centre, Thirumuppam, Pala",Kottayam
"Marian Medical Centre, Arunapuram, Pala",Kottayam
"Velankanni Matha Hospital Pvt. Ltd., Thellakom",Kottayam
"Caritas Hospital, Thellakom",Kottayam
"Indo American Hospital, Brain & Spine Centre, Akkarappadam, Vaikom",Kottayam
"Bharath Charitable Hospital Society, Azad Lane",Kottayam
"I.H.M. Hospital, Bharananganam, Pala",Kottayam
"MMC Hospital, Modakkallur, Atholi",Kozhikode
"Metro International Cardiac Centre, Thondayad Bypass Road",Kozhikode
"Baby Memorial Hospital, Indira Gandhi Road",Kozhikode
"K M C T Hospital, Manassery, Mukkam",Kozhikode
"National Hospital, Mavoor Road",Kozhikode
"Malabar Institute Of Medical Sciences, Govindapuram",Kozhikode
"IQRAA Hospital, Malaparamba",Kozhikode
"Nirmala Hospital, Marikunnu, Vellimadukunnu",Kozhikode
"St. Joseph Hospital, Agastianmoozhi, Mukkam",Kozhikode
"P.V.S.Hospital (P) Ltd, Railway Station Road",Kozhikode
"Santhi Hospital, Omaserry",Kozhikode
"Meitra Hospital, Edakad",Kozhikode
"MVR Cancer Centre & Research Institute, Chooloor",Kozhikode
"Sree Valsam Institute of Medical Sciences, Kololamba, Edappal",Malappuram
"Edappal Hospital (P) Ltd, Edappal",Malappuram
"Malabar Institute of Medical Sciences, Kottakkal",Malappuram
"Almas Hospital, Changuvetti, Kottakkal",Malappuram
"Orchid Institute of Health Care and Research Pvt. Ltd, Down Hill",Malappuram
"Korambayil Hospital, Manjeri",Malappuram
"Al-Shifa Hospital Pvt Ltd., Perinthalmanna",Malappuram
"M.E.S Medical College, Palachaode, Perinthalmanna",Malappuram
"Karuna Medical College Hospital, Vilayodi, Chittur",Palakkad
"Valluvanad Hospital, Kanniyampuram, Ottapalam",Palakkad
"Palakkad Blood Bank, Civil Station Road",Palakkad
"Ahalya International Foundation, Kuruppam Road",Palakkad
"P K Das Institute of Medical Sciences, Vaniamkulam",Palakkad
"Lifeline Super Speciality Hospital, Adoor",Pathanamthitta
"MGM Muthoot Medical Centre, Kozhencherry",Pathanamthitta
"Fellowship Mission Hospital, Kumbanad",Pathanamthitta
"Chithra Hospital, Kadakkadu, Pandalam",Pathanamthitta
"Thiruvalla Medical Mission Hospital, Tiruvalla",Pathanamthitta
"Pushpagiri Hospital, Tiruvalla",Pathanamthitta
"Believers Church Medical College Hospital, Kuttapuzha",Pathanamthitta
"MGM Muthoot Medical Centre, Ring Road",Pathanamthitta
"Poyanil Hospital, Kozhencherry",Pathanamthitta
"Mount Zion Medical College Hospital, Ezhamkulam, Adoor",Pathanamthitta
"Holy Cross Hospital, Adoor",Pathanamthitta
"Amala Institute of Medical Science, Amala Nagar",Thrissur
"St James Hospital, Anamala, Chalakkudy",Thrissur
"St Josephs Hospital, Choondal",Thrissur
"Mary Immaculate Mission Hospital, Chuvakkad, Engandiyur",Thrissur
"Modern Hospital, Kodungallur",Thrissur
"Elite Mission Hospital, Koorkkenchery",Thrissur
"Unity Hospital (P) Ltd, Kanippayyur, Kunnamkulam",Thrissur
"Maria Theresa Hospital, Kuzhikkattussery",Thrissur
"Thrissur Metropolitan Health Care (P) Ltd, Koorkenchery",Thrissur
"Mother Hospital, Pullazhi, Olari",Thrissur
"Sacred Heart Mission Hospital, Pullur, Irinjalakuda",Thrissur
"West Fort Hitech Hospital, Punkunnam",Thrissur
"West Fort Hospital, Westfort",Thrissur
"Jubilee Mission Hospital, Bishop Alappat Road",Thrissur
"Malankara Medical Mission Hospital, Adupooty Hills, Kunnamkulam",Thrissur
"IMA Blood Bank Complex & Research Centre, Ramavarmapuram",Thrissur
"Dr.Somervel CSI Mission Hospital, Karakonam",Thiruvananthapuram
"NIMS Hospital, Aralumoodu, Neyyattinkara",Thiruvananthapuram
"PRS Hospital Private Limited, Killipalam",Thiruvananthapuram
"Superior Blood Bank, Gandhari Amman Koil Street",Thiruvananthapuram
"Ananthapuri Hospital and Research Institute, Chackai",Thiruvananthapuram
"Kerala Institute of Medical Sciences, Anayara",Thiruvananthapuram
"Sivagiri Sree Narayana Medical Mission Hospital, Puthenchanda, Varkala",Thiruvananthapuram
"Cosmopolitan Hospitals Pvt Ltd, Pattom",Thiruvananthapuram
"Sree Uthradam Thirunal Hospital, Pattom",Thiruvananthapuram
"SUT Royal Hospital, Ulloor",Thiruvananthapuram
"Sree Gokulam Medical College and Research Foundation, Venjaramoodu",Thiruvananthapuram
"S R Super Speciality Hospital, Akathumuri, Varkala",Thiruvananthapuram
"Ruckmoni Memorial Devi Hospital, Ponnambi, Vellarada",Thiruvananthapuram
"SUT Academy of Medical Science, Vencode, Vattappara",Thiruvananthapuram
"Leo Hospital, Kalpetta",Wayanad
"D M Wayanad Institute of Medical Sciences, Meppadi",Wayanad