"A A Rahim Memorial District Hospital",Kollam,Chinnakada,691008,Near Taluk Kachery Chinnakada Kollam
Chc Cheruvathur,Kasaragod,Cheruvathur,671313,"Community Health Centre Cheruvathur Cheruvathur Po Kasaragod 671313"
Chc Chungathara,Malappuram,Chungathara,679334,"Community Health Centre, Chungathara"
Chc Edapal,Malappuram,Edapal,679576,Edappal
Chc Edavanna,Malappuram,Edavanna,676541,"Community Health Centre, Chembakuth,Edavanna P.O"
Chc Edayarikkapuzha,Kottayam,Edayarikkapuzha,686541,Chc Edayirikkapuzha
Chc Kalady,Ernakulam,Mattoor,683574,Community Health Centre Kalady
Chc Kalikavu,Malappuram,Kalikavu,676525,"Chc Kalikavu,Kalikavu,676525"
Chc Kallara,Thiruvananthapuram,Kallara,500001,Chc Kallara Trivandrum
Chc Kanyakulangara,Thiruvananthapuram,Trivandrum,695615,"Kanyakulangara Po,Trivandrum"
Chc Katampazhipuram,Palakkad,Katampazhipuram,678633,Katamapzhipuram
Chc Kesavapuram,Thiruvananthapuram,Kilimanoor,695601,Community Health Centre Kesavapuram
Chc Kumarakom,Kottayam,Kottayam,686563,Chc Kumarakom
Chc Meenangdi,Wayanad,Meenangdi,673591,Chc Meenangdi Wayanad
Chc Moothakunnam,Ernakulam,Paravour,683516,Chc Moothakunnam
Chc Mukkam,Kozhikode,Mukkam,673602,"Chc Mukkam, Kozhikode"
Chc Narikkuni,Kozhikode,Kozhikode,673585,Chc Narikkuninarikkuni P.Okozhikode
Chc Nenmara,Palakkad,Nenmara,678508,"Chc Nenmara,Nenmara(Po)-678508"
Chc Nilamel,Kollam,Nilamel,691535,"Chc Nilamel Nilamel Po Kollam Kerala 691535"
Chc Omanur,Malappuram,Edavannapara,673645,"Chc Omanur, Ponnad, Edavannapara"
Chc Panamaram,Wayanad,Panamaram,670721,Community Health Centre
Chc Pandappilly,Ernakulam,Pandappilly,686672,Chc Pandappilly
Chc Pappinissery,Kannur,Pappinisseri,670561,"Velapuram Palam,Pappinisseri, Kerala"
Chc Poovar,Thiruvananthapuram,Poovar,695525,Hospital Jn Poovar 695525
Chc Purathur,Malappuram,Tirur,676561,"Chc Purathur,Muttannur Po,"
Chc Sachivothamapuram,Kottayam,Kottayam,686532,"Chc Sachivothamapuram, Sachivothamapuram P.O Kottayam"
Chc Tanur,Malappuram,Tanur,676302,Chc Tanurtanur (Po)Malappuram
Chc Vellanad,Thiruvananthapuram,Town,695543,"Chc Vellanad, Vellanad,Tvm"
Chc Vellarada,Thiruvananthapuram,Thiruvananthapuram,695505,"Community Health Centre ,Vellarada"
Chc Vilappil,Thiruvananthapuram,Tvm,695573,"The Medical Officer In Charge Chc Vilappil Vilappilsala"
"Chc, Thottakkad",Kottayam,Kottayam,686539,"Chc, Thottakkad P.O"
Chca Gali,Palakkad,Goolikkadavu,678581,Chc Agali
Chc thalakulathur,Kozhikode,Thalakulathur,673317,Chc thalakulathur Kozhikode
Cheast Diesease Hospital,Thiruvananthapuram,Trivandrum,695031,Chest Disease Hospital
Cochin Cancer Research Centre,Ernakulam,Ernakulam,683503,Cochin Cancer Research Centre
"Community Health Center Periye",Kasaragod,Periya,671316,"Chc Periye,Periya(Po)(Via)Bekal Fort"
"Community Health Centre Nedumpana",Kollam,Kollam,691573,Velichikkal Ap.O Velichikkala
"Community Health Centre Chalissery",Palakkad,Chalissery,679376,"Community Health Centre Chalissery, Chalissery (Po), Palakkad (Dist)"
"Community Health Centre Kesavapuram",Thiruvananthapuram,Kilimanoor,695304,Community Health Centre Kesavapuram
"Community Health Centre Melattur",Malappuram,Melattur,679326,Melattur Melattur.P.O
"Community Health Centre Oduvallithattu",Kannur,Thaliparamba,670581,Chapparapadavu (P.O)
"Community Health Centre Venpakal",Thiruvananthapuram,Neyyattinkara,500001,Community Health Centre Venpakal Neyyattinkara
"Community Health Centre, Vizhinjam, Thiruvananthapuram",Thiruvananthapuram,Thiruvananthapuram,695521,"Community Health Centre, Vizhinjam, Thiruvananthapuram"
Dh Perinthalmanna,Malappuram,Perinthalmanna,679322,"Gov Dh Perinthalmanna Pernithalmanna 679332"
"District Government Hospital, Vadakara",Kozhikode,Vadakara,673101,"District Government Hospital, Vadakara Kozhikode"
District Hospital,Palakkad,Palakkad,678001,"Govt.District Hospital,Palakkad"
District Hospital,Pathanamthitta,Kozhencherry,689641,"District Hospital Kozhencherry Pathanamthitta Dist"
"District Hospital ,Kannur",Kannur,Kannur,670017,"Fort Road ,Kannur"
District Hospital Aluva,Ernakulam,Aluva,683101,Near Ksrtc Bus Stand Aluva
District Hospital Chengannur,Alappuzha,Chengannur,689121,"District Hospital ,Chengannur"
District Hospital Mananthavady,Wayanad,Mananthavady,670645,
District Hospital Mavelikara,Alappuzha,Mavelikara,690102,Mavelikara
District Hospital Thodupuzha,Idukki,Thodupuzha,685585,District Hospital
District Hospital Wadakkanchery,Thrissur,Wadakkanchery,680590,Kumaranelloor P O
"District Hospital, Nedumangad",Thiruvananthapuram,Nedumangad,695541,"District Hospital, Nedumangad, Nedumangad P.O., Thiruvananthapuram-695541"
District Hospitalnilambur,Malappuram,Nilambur,679329,District Hospitalnilambur
"District Model Hospital Pperoorkada",Thiruvananthapuram,Thiruvananthapuram,695005,"District Model Hospital,Peroorkada P O,Thiruvananthapuram,Pin -695005"
"District Hospital Kanhangad",Kasaragod,Balla,671351,Balla
E K Nayanar Memorial Govt Women And Children Hospital,Kannur,Thaliparamba,670563,"Ek Nayanar Govt. Women And Children Hospital,Mangattuparamba"
"General Hospital ,Muvattupuzha",Ernakulam,Muvattupuzha,686661,"Muvattupuzha ,Kmparcade ,Post Office Junction"
"General Hospital ,Pala",Kottayam,Pala,686575,"Govt General Hospital, Pala P.O"
General Hospital Alappuzha,Alappuzha,Alappuzha,6886011,"General Hospital, Alappuzha"
"General Hospital Changanacherry",Kottayam,Changanacherry,686101,"General Hospital, Changanacherry"
General Hospital Ernakulam,Ernakulam,Ernakulam,682011,"General Hospital Ernakulam, Hospital Road, Pin- 682011"
General Hospital Irinjalakuda,Thrissur,Irinjalakuda,680121,Railway Station Road Near Tana Junction
General Hospital Kanjirappally,Kottayam,Kanjirappally,686507,"General Hospitalkunnumbhagam (P O)Kanjirappallykottayampin-686507"
General Hospital Kottayam,Kottayam,Kottayam,686001,"Opposite Mammen Mappila Hall , Kottayam"
General Hospital Neyyattinkara,Thiruvananthapuram,Neyyattinkara,695121,The Superintendent
General Hospital Pathanamthitta,Pathanamthitta,Pathanamthitta,689645,"Near Collectrate ,Pathanamthitta"
General Hospital Thrissur,Thrissur,Thrissur,680001,General Hospital Thrissur
General Hospital Trivandrum,Thiruvananthapuram,Trivandrum,695035,General Hospital Trivandrum
Gh Adoor,Pathanamthitta,Adoor,691523,General Hospital Adoor
Gh Kalpetta,Wayanad,Kainatty,673122,Govt. General Hospital Kalpetta
Gh Thalassery,Kannur,Thalassery,670101,General Hospital Thalassery
Gmch Kollam,Kollam,Paripally,690574,Gmch Kollam Paripally Po
Gov.District Hospital Tirur,Malappuram,Tirur,676104,"Gov.District Hospital,Civil Station Road,Trikkandiyur (Po)Tirur"
"Government General Hospital Kozhikode",Kozhikode,Kozhikode,673032,"Govt. General Hospital, Kozhikode Beach"
"Government Medical College Hospital, Manjeri",Malappuram,Manjeri,676121,"Government Medical College Hospital Manjeri,Manjeri.P.O,Malappuram Dist,Pin 676121"
Government Victoria Hospital,Kollam,Kollam,691001,Government Victoria Hospital
"Govt General Hospital Kasaragod",Kasaragod,Kasaragod,671121,General Hospital
"Govt Taluk Hospital Thamarassery",Kozhikode,Thamarassery,673573,Govt Taluk Hospital Thamarassery
Govt Tribal Hospital Nalloornad,Wayanad,Wayanad,670645,Kunnamangalam P O
Govt Tribal Specialty Hospital,Palakkad,Kottathara,678581,Kottathara
Govt. Dental College Kottayam,Kottayam,Kottayam,686008,
"Govt. Medical College Hospital Kottayam",Kottayam,Kottayam,680005,"Govt. Medical College Hospital Gandhinagar Kottayam"
Govt. Taluk Hospital Kozhikode,Kozhikode,Kozhikode,673631,"Govt. Taluk Hospital Feroke, Kozhikode, 673631"
"Govt.Hospital For Women & Children ,Kottaparamb,",Kozhikode,Kozhikode,673001,"Govt Hospital For Women And Children- ,Kozhikode"
Govt.Hospital Palode,Thiruvananthapuram,Palode,500003,Govt.Hospital Palode Trivandrum
"Govt.Maharaja'S Taluk Hospital,Karuvelippady",Ernakulam,Karuvelipadi,682005,Govt.Maharajas Hospital Karuvelipady
Govt.Medical College Hospital,Thrissur,Thrissur,680596,"Medical College Hospital Mulangunnathukavu P.O"
"Govt.Medical College,Ernakulam",Ernakulam,Kalamassery,683503,"Hmt Colony.P.O,Kalamassery"
Govt.Thqh Karunagappally,Kollam,Karunagappally,690518,"Govt.Taluk Head Quarters Hospital,Karunagappally.690518"
Govt: Medical College Hospital Idukki( Dh Idukki),Idukki,Cheruthony,685602,Idukki Colony P.O Cheruthony
"Hcd,Karunagappally",Kollam,Punalur,691305,"Superintendent,Thqh Punalur,Punalur Po,Kollam"
"Institute For Communicative And Cognitive Neurosciences (Iccons)",Palakkad,Shoranur,679523,"Institute For Communicative And Cognitve Neurosciences (Iccons), Kavalappara P.O., Shoranur"
Institute Of Chest Diseases Govt.Medical College Kozhikode,Kozhikode,Kozhikode,673008,Institute Of Chest Diseasesgovt.Medical College(P.O) Medical Collegekozhikode- 673008
"Institute Of Child Health ,Govt.Medical College, Kottayam",Kottayam,Kottayam,686561,Ich Gandhinagar Kottayam
"Institute Of Maternal And Child Health, Govt. Medical College Kozhikode",Kozhikode,Kozhikode,673008,"Institute Of Maternal And Child Health, Govt. Medical College Kozhikode"
K R Narayanan Memmorial Speciality Hospital Uzhavoor,Kottayam,Kottayam,686636,Uzhavoor
"Malabar Cancer Centre Thalassery",Kannur,Thalassery,670103,Malabar Cancer Centre
Medical College Chest Hospital,Thrissur,Mulangunnathukavu,680596,"Medical College Chest Hospital, Mulangunnathukavu P.O"
Medical College Kozhikode,Kozhikode,Kozhikode,673008,Medical College Hospital Kozhikode
"Medical College Thiruvanthapuram",Thiruvananthapuram,Trivandrum,695011,"Medical College Thiruvanthapuram "
Medical College Vandanam,Alappuzha,Vandanam,688005,"Govt Tdmch Vandanam Alappuzha, Pin 688005"
Pariyaram Medical College,Kannur,Pariyaram,500001,"Kchc Complex Pariyaram Medicqal College Po Pariyaram"
Phc Mundankunnu,Kottayam,Kottayam,6686503,"Phc Mundankunnu,Manalumkal .P.O ,Kottayam,Kerala"
Rama Rao Memorial Taluk Hospital Nedungolam,Kollam,Paravur,691334,Rama Rao Memorial Taluk Hospital Nedungolam
Regional Cancer Centre,Thiruvananthapuram,Thriuvananthapuram,695011,Regional Cancer Centre
"Regional Institute Of Ophthalmology",Thiruvananthapuram,Corporation,695001,"Near General Hospital Junction,Vanchiyoor Po Trivandrum"
Rtc 3 Hospital Crpf Peringome,Kannur,Peringome,670353,Rtc 3 Hospital Crpf Peringome
Sat Hospital,Thiruvananthapuram,Trivandrum,695011,"Govt Medical College Medical College Junction Trivandrum"
Sree Chitra Tirunal Institute For Medical Sciences & Technology,Thiruvananthapuram,Trivandrum,695011,Sree Chitra Tirunal Institute For Medical Sciences & Technology Medical College Po
"Taluk Head Quarters Hopsital, Kottarakara",Kollam,Kottarakara,691506,"Taluk Head Quarters Hospital, Kottarakara, Market Jn, Kottarakara P.O- 691506"
Taluk Head Quarters Hospital,Pathanamthitta,Konni,689691,"Taluk Head Quarters Hospital , Near Elephant Cage, Konni"
"Taluk Head Quarters Hospital , Koyilandy",Kozhikode,Koyilandy,673305,"Govt. Thq Hospital, Koyilandy Koyilandy, Kozhikode"
"Taluk Head Quarters Hospital ,Malappuram",Malappuram,Malappuram,676519,"Taluk Head Quarters Hospital Kottappadi Malappuram"
"Taluk Head Quarters Hospital Cherthala",Alappuzha,Cherthala,688524,"Taluk Hospital, Cherthala P.O"
Taluk Head Quarters Hospital Kondotty,Malappuram,Kondotty,673638,"Taluk Head Quarters Hospital Kondotty, Kondotty (Po), Malappuram (Dt), 673638"
"Taluk Head Quarters Hospital Ottapalam",Palakkad,Ottapalam,679102,"Taluk Head Quarters Hospital Ottapalam Kerala"
"Taluk Head Quarters Hospital Pattambi",Palakkad,Pattambi,679303,"Taluk Head Quarters Hospital Pattambi , Palakkad Dist Kerala"
"Taluk Head Quarters Hospital, Chirayinkeezhu",Thiruvananthapuram,Trivandrum,695304,"Taluk Head Quarters Hospital, Chirayinkeezhu"
"Taluk Head Quarters Hospital, Perumbavoor",Ernakulam,Perumbavoor,683542,"Taluk Head Quarters Hospital Perumbavoor, Opp. Union Bank, A.M. Road Perumbavoor"
"Taluk Head Quarters Hospital,Alathur",Palakkad,Alathur,678541,
"Taluk Head Quarters Hospital,Nedumkandam",Idukki,Nedumkandam,685553,"Taluk Head Quarters Hospital,Nedumkandam"
Taluk Head Quartershospital Chittur,Palakkad,Chittur,678101,"Superintendent Taluk Head Quarters Hospital,Hospital Junction ,Chittur-678101"
"Taluk Headquartes Hospital Nileshwar",Kasaragod,Nileshwar,671314,"Vallikkunnu, Nileshwar"
Taluk Hospital Nadapuram,Kozhikode,Nadapuram,673504,Taluk Hospital Nadapuram.P.Onadapuram
Taluk Hospital Balussery,Kozhikode,Balussery,673612,"Th Balussery, Balussery Mukku, Balussery,"
Taluk Hospital Iritty,Kannur,Iritty,670703,"Taluk Hospital Iritty , Iritty P.O"
Taluk Hospital Kadakkal,Kollam,Kollam,591536,"Kadakkal Po, Kollam"
Taluk Hospital Kattappana,Idukki,Kattappana,685511,"Taluk Hospital Kattappana, Thovarayar P. O 20 Acre"
Taluk Hospital Kunnamkulam,Thrissur,Kunnamkulam,680503,Near Police Station Kunnamkulam
Taluk Hospital Kuthuparamba,Kannur,Kuthuparamba,670641,Taluk Hospital Kuthuparamba
Taluk Hospital Kuttiady,Kozhikode,Kuttiady,673508,Taluk Hospital Kuttiady
Taluk Hospital Neendakara,Kollam,Neendakara,691582,Taluk Hospital Neendakara
Taluk Hospital Payyanur,Kannur,Payyannur,670307,"Annur Road, Payyannur"
Taluk Hospital Perambra,Kozhikode,Kozhikode,673525,Perambra Post
Taluk Hospital Piravom,Ernakulam,Piravom,686664,"Taluk Hospital Piravom,Piravom P O ,Ernakulam"
Taluk Hospital Pudukad,Thrissur,Pudukad,680301,Pudukkad
Taluk Hospital Thuravoor,Alappuzha,Cherthala,688532,"Taluk Hospital Thuravoor P O Cherthala Alappuzha"
Taluk Hospital Varkala,Thiruvananthapuram,Varkala,695141,Taluk Hospital Varkala
Taluk Hospital Wandor,Malappuram,Wandor,679328,Taluk Hospital Wandor Malappuram
"Taluk Hospital, Areekode",Malappuram,Areekode,673639,"Near Police Station, Areekode Post"
Th Angamaly,Ernakulam,Angamaly,683572,Near Ksrtc Bus Station
Th Attingal,Thiruvananthapuram,Attingal,695104,Th Attingal
Th Bedadka,Kasaragod,Kasaragod,671541,"Th Bedadka,Bedadka,Kasragod"
Th Fort,Thiruvananthapuram,Trivandrum Corporation,695023,"Taluk Hospital Fort,Fort P O Trivandrum"
Th Nemom,Thiruvananthapuram,Trivandrum,695020,"Taluk Hospital, Santhivila, Nemom P O"
Th Panathady,Kasaragod,Poodamkallu,671532,"Th Panathady,Rajapuram P.O,Poodamkallu."
Th Peravoor,Kannur,Peravoor,670673,Th Peravoor Kannur
Th Thrikaripur,Kasaragod,Thrikaripur Town,671310,"Community Health Center Thankayam Thrikaripur(Po)"
Th Vithura,Thiruvananthapuram,Vithura,695551,Taluk Hospital Vithura
Thaluk Head Quarters Ranni,Pathanamthitta,Ranni,689672,Thaluk Head Quarters Ranni
Thaluk Hospital Kundara,Kollam,Kollam,691501,"Thaluk Hospital Kundara ,Kanjirakodu,Kundara,Kollam,Kerala"
Thqh Adimali,Idukki,Adimali,685561,Superintendent
Thqh Chalakudy,Thrissur,Chalakudy,680307,"Police Station Road, Chalakudy P.O,Chalakudy"
Thqh Chavakkad,Thrissur,Chavakkad,680506,"Thqh Chavakkad, Near Kozhikulankara Temple , Chavakkad"
Thqh Fortkochi,Ernakulam,Ernakulam,682001,"Taluk Head Quarters Hospital , L Fortkochi"
Thqh Haripad,Alappuzha,Haripad,690514,"Taluk Head Quarters Hospital NH 47, Haripad, Kerala"
Thqh Kayamkulam,Alappuzha,Kayamkullam,690502,"Taluk Hospital, Kayamkulam P.O"
Thqh Kodungallur,Thrissur,Kodungallur,680664,"Thqh Kodungallur, Kodungallur"
"Thqh Kothamangalam (Chc Kothamangalam)",Ernakulam,Kothamangalam,686691,Thqh Kothamangalm
Thqh Malayinkil,Thiruvananthapuram,Malayinkeezhu,695571,"Taluk Headquarters Hospital, Maniyaravila, Malayinkeezhu P O"
Thqh Mallappally,Pathanamthitta,Mallappally,689585,"Thaluk Head Quarters Hospital,Mallappally"
Thqh Mannarkkad,Palakkad,Palakkad,678582,"Taluk Head Quarters Hospital, Mannarkkad, Palakkad, Kerala, Pin 678582"
Thqh N Paravur,Ernakulam,Paravur,683513,"Taluk Head Quarters Hospital,North Paravur,Ernakulam,Kerala"
Thqh Pampady,Kottayam,Pampady,686502,"Pampady P O ,Pampady"
Thqh Parassala,Thiruvananthapuram,Trivandrum,5502,
Thqh Peermade,Idukki,Peermade,685531,"Taluk Head Quarters Hospital ,Peermade"
Thqh Ponnani,Malappuram,Ponnani,679583,Ponnani
Thqh Punalur,Kollam,Punalur,691305,"Superintendent,Thqh Punalur,Punalur Po,Kollam"
Thqh Sasthamcotta,Kollam,Kollam,690521,"Thqh Sasthamcotta, Sasthamcotta P O"
Thqh Sulthan Bathery,Wayanad,Sulthan Bathery,673592,Sulthan Bathery
Thqh Taliparamba,Kannur,Taliparamba,670142,"Karimbam (Po), Taliparamba"
Thqh Thiruvalla,Pathanamthitta,Thiruvalla,689101,Thiruvalla
Thqh Tirurangadi Hospital,Malappuram,Chemmad,676306,"Thqh Tirurangadi Hospital,Chemmad Tirurangadi Po 676306."
Thqh Tripunithura,Ernakulam,Trippunithura,682301,"Taluk Hq Hospital,Thripunithura"
Thqh Vaikom,Kottayam,Vaikom,686141,Near Boat Jetty Vaikom
Thqh Vythiri,Wayanad,Vythiri,673576,"Taluk Head Quarters Hospital Vythiri Wayanad"
"Thqh, Pulincunnu",Alappuzha,Alappuzha,688504,"Taluk Hospital, Pulincunnu"
"Urban Dialysis Centre Uruvachal Mattanoor",Kannur,Uruvachal,670702,"Uruvachal, Mattannoor"
"W &C Hospital, Alappuzha",Alappuzha,Alappuzha,688012,"W&C, Beach Road , NH 66, Kunnumpuram, Alappuzha, Kerala"
"W Omen & Children Hospital Ponnani",Malappuram,Ponnani,679586,"Ponnani, Ponnani South Po"
"W&C Hospital, Mattanchery",Ernakulam,Kochi,682002,"Women And Children Hospital, Mattancherry"
"W&C Hospital,Thycaud",Thiruvananthapuram,Thiruvananthapuram,695014,"W&C Hospital,Thycaud ,Thiruvananthapuram"
Women And Children Hospital,Palakkad,Palakkad,678001,Women And Children Hospital Palakkad
Amar Maternity and Fertility centre,Thiruvananthapuram,Attingal,695101,Amar Maternity and Fertility centre Kacheri junction Attingal Thiruvananthapuram
PRS hospital,Thiruvananthapuram,Trivandrum,695002,PRS hospital Killipalam Karamana Thiruvananthapuram
A.J. Hospital,Thiruvananthapuram,Kazhakuttam,695582,"Kazhakoottam - Kilimanoor Rd, Kazhakuttam, Thiruvananthapuram "
A.M. Hospital,Ernakulam,Cochin,690518,"A.M. Hospital NH 47, Karunagappally, District Kollam"
A.P.Varkey Mission Hospital,Ernakulam,Ernakulam,682313,"A.P.Varkey Mission Hospital Thottapady, Arakkunnam Ernakulam"
Aditya Eye Hospital,Ernakulam,Ernakulam,682021,"Aditya Eye Hospital Judgemukku, Thrikkakara, Edappally, Ernakulam"
Ahalia Foundation Eye Hospital,Palakkad,Palakkad,678556,"Ahalia Foundation Eye Hospital Ahalia, Elappully, Palakkad"
Aisha Memorial Hospital (Tsunami Project Only),Thiruvananthapuram,Manacaud,695547,"Aisha Memorial Hospital Charummoodu - Nallikuzhi - Paruthikuzhi Rd"
Al Salama Eye Hospital,Kozhikode,Kozhikode,673004,"Al Salama Eye Hospital Mavoor Road, Arayidathupalam Jct, Near Juma Masjid, Kozhikode"
Al Salama Eye Hospital Ltd,Malappuram,Manjeri,676121,"Al Salama Eye Hospital Ltd Karuvambram, Manjeri"
Al Shifa Hospital Pvt Ltd,Malappuram,Perintalmanna,679322,"Al Shifa Hospital Pvt Ltd Ootty, Road, Perintalmanna"
Al-Arif Hospital,Thiruvananthapuram,Trivandrum,695026,"Al-Arif Hospital, Ambalathara, Thiruvananthapuram"
Alexander Eye Centre,Ernakulam,Edappally,682024,"Alexander Eye Centre Civil Line Road, Padivattom, Edappally, Kochi"
Alled Hospital Limited (Tsunami Project Only),Thrissur,Kunnamkulam,680521,Alled Hospital Limited Kunnamkulam Thrissur Kerala
Almas Hospital,Malappuram,Kottakkal,676503,"Almas Hospital Changuvetty, Kottakkal, Kerala"
Alpha Ent Head And Neck Research Institute And Hospital,Ernakulam,Kaloor,682017,"Alpha Ent Head And Neck Research Institute And Hospital Desabhimani Rd, opp. BSNL Microwave Station, Kaloor, Kochi, Kerala"
Alphonsa Hospital,Ernakulam,Angamaly,683576,"Alphonsa Hospital Karukutty, Angamaly, Kerala"
Amala Cancer Hospital & Research Centre,Thrissur,Trichur,680553,"Amala Cancer Hospital And Research Centre. Amala Nagar, Thrissur, Kerala"
Amardeep Eye Care,Thiruvananthapuram,Peroorkada,695005,"Amardeep Eye Care opp. Police Station, Indira Nagar, Peroorkada, Thiruvananthapuram, Kerala"
Anadiyil Hospital,Thiruvananthapuram,Trivandrum,695035,"Anadiyil Hospital Thekkinmoodu Junction Plamoodu Thekkumoodu Road,  Plammoodu,Thiruvananthapuram, Kerala"
Ananthapuri Hospital & Research Institute,Thiruvananthapuram,Chackai,695024,"Ananthapuri Hospital & Research Institute NH bypass 66, Airport Rd, near Courtyard Garden, Chackai, Thiruvananthapuram"
Anwar Memorial Hospital,Ernakulam,Aluva,683101,"Anwar Memorial Hospital Periyar Nagar, Aluva, Kerala"
Arogyalayam Hospital,Ernakulam,Aluva,683101,"Arogyalayam Hospital Aluva- Munnar Road, Near Bipass Junction, Periyar Nagar, Aluva, Kochi, Kerala"
Arumana Hospital,Thiruvananthapuram,Trivandrum,695024,"Arumana Hospital VKK Nagar, Pazhavangadi, Thiruvananthapuram, Kerala"
Ashoka Hospital,Kannur,Kannur,670002,"Ashoka Hospital South Bazar Road, Kannur"
Aswini Hospital,Thrissur,Trichur,680020,"Aswini Hospital Karunakaran Nambiar Rd,aswani junction, Patturaikkal, opposite to Big Bazaar, Thrissur, Kerala"
Attingal Speciality Hospital,Thiruvananthapuram,Trivandrum,695101,"Attingal Speciality Hospital Attingal, Thiruvananthapuram"
B.N.V Hospital Pvt Ltd,Thiruvananthapuram,Thiruvallam,695027,"B.N.V Hospital Pvt Ltd Kaimanam Thiruvallam Rd, Near Co-Operation Office, Thiruvallam, Thiruvananthapuram, Kerala"
Baby Memorial Hospital Ltd,Kozhikode,Kozhikode,673004,"Baby Memorial Hospital Ltd Indira Gandhi Rd, Arayidathupalam, Kozhikode, Kerala"
Balaji Hospital,Palakkad,Palakkad,678001,"Balaji Hospital Brindavan Street, near Town Hall, Thayilpatti, Sultanpet, Palakkad, Kerala"
Bharath Hospital,Kottayam,Puthenangady,686001,"Bharath Hospital Azad Ln, Puthenangady, Kottayam, Kerala"
Bharath Rural Hospital & Training Centre,Ernakulam,Paravoor,683516,"Bharath Rural Hospital & Training Centre Kuriyapilly South, Paravoor, Moothakunnam P.O, Eranakulam, Kerala"
Bishop Alapatt Mission Hospital,Ernakulam,Cochin,680702,"Bishop Alapatt Mission Hospital Kattoor-Karuvannur Rd, Karanchira, Kerala"
Bishop Benziger Hospital,Kollam,Kollam,691001,"Bishop Benziger Hospital Benziger Hospital Rd, Mundakkal Village, Kollam, Kerala"
C.A.Hospital,Ernakulam,Aluva,680102,"C.A.Hospital salem kochi highway, Ernakulam District, Desom PO, Aluva, Kunnumpuram, Kerala"
Carewell Hospital & Research Centre,Kasaragod,Kasaragod,690505,"Carewell Hospital & Research Centre Dr.S.Asharaf, Kayamkulam - Pathanapuram Rd, Charummoodu, Kerala"
Carmel Hospital,Ernakulam,Aluva,683101,"Carmel Hospital Munnar Rd, Asokapuram, Aluva, Kochi, Kerala"
Ccmk Hospital,Thrissur,Trichur,680307,"Ccmk Hospital Vellikulam road, Chalakudy, Thrissur, Kerala"
Century Hospital,Alappuzha,Chengannur,689505,"Century Hospital Mulakuzha, Chengannur, Alappuzha, Kerala"
Chaitanya Ent Hospital,Ernakulam,Cochin,682016,"Chaitanya Ent Hospital Sahodaran Ayyappan Rd, Kadavanthra, Kochi, Kerala"
Chaithanya Eye Hospital & Research Institute,Ernakulam,Perumanoor,682036,"Chaithanya Eye Hospital & Research Institute Near Sree Krishna Swami Temple, Ravipuram Rd, Ravipuram, Perumanoor, Ernakulam, Kerala"
Chaithanya Eye Hospital & Research Institute,Thiruvananthapuram,Kesavadasapuram,695044,"Chaithanya Eye Hospital & Research Institute Vivekanand Nagar, Kesavadasapuram, Thiruvananthapuram, Kerala"
Chakrabarti Eye Care Centre,Thiruvananthapuram,Kanjirampara,695030,"Chakrabarti Eye Care Centre Maruthunkuzhi, Maruthankuzhi - Kachani Rd, Kanjirampara, Thiruvananthapuram, Kerala"
Chandramathy Amma Memorial Hospital,Thrissur,Nedupurha,680012,"Chandramathy Amma Memorial Hospital Vatanappally - Kanjany - Thrissur Rd, Opp. Little Flower Church, Nedupurha, Olarikkara, Thrissur, Kerala"
Chazhikattu Hospitals Pvt Ltd,Idukki,Thodupuzha,685584,"Chazhikattu Hospitals Pvt Ltd River View Rd, Thodupuzha, Kerala"
Chelsa Medical Care (P) Ltd.,Thiruvananthapuram,Trivandrum,695002,"Chelsa Medical Care (P) Ltd Thamalam Road, near Petrol Pump, Kunjalumoodu, Thiruvananthapuram, Kerala"
Christian Mission Hospital,Pathanamthitta,Pandalam,689501,"Christian Mission Hospital SH 1, Pandalam, Kerala"
Christos Hospital,Alappuzha,Kayamkulam,690502,"Christos Hospital Kallumudu, Near NH 47, Kayamkulam, Kanyakumari - Panvel Road, Kayamkulam, Kerala"
City Eye Foundation,Kozhikode,Kozhikode,673004,"City Eye Foundation Pavamani Rd, Tazhekkod, Kozhikode, Kerala"
City Hospital Pvt Ltd,Ernakulam,Pullepady,682035,"City Hospital Pvt Ltd Mahatma Gandhi Rd, opp. Padma Theatre, Padma Junction, Pullepady, Ernakulam, Kerala"
Cochin Hospital,Ernakulam,Pallimukku,682016,"Cochin Hospital Mahatma Gandhi Rd, Opp: Pallimukku Bus Stop, Pallimukku, Kochi, Kerala"
Comtrust Eye Hospital,Kozhikode,Kozhikode,673004,"Comtrust Eye Hospital Mini Bypass Rd, Puthiyara, Kozhikode, Kerala"
Cosmopolitan Hospitals (P) Ltd,Thiruvananthapuram,Pattom,695004,"Cosmopolitan Hospitals (P) Ltd Pottakuzhy Rd, Pattom, Thiruvananthapuram, Kerala"
Cradle Calicut Maternity Care Pvt Ltd,Kozhikode,Kozhikode,673014,"Cradle Calicut Maternity Care Pvt Ltd Kozhikode Bypass, Palazhi, Kozhikode, Kerala"
Deepa Hospital (Tsunami Project Only),Alappuzha,Haripad,690548,"Deepa Hospital (Tsunami Project Only) Danapady Rd, Haripad, Kerala"
Deepa Nursing Home,Kozhikode,Kanhangad,671315,"Deepa Nursing Home Mavungal - Moolakndam Rd, Kunnummal, Puthiyavalapu, Kanhangad, Kerala"
Deepam Hosptial (Tsunami Project Only),Alappuzha,Kandalloor,690559,"Deepam Hosptial (Tsunami Project Only) Kayamkulam - Karthikappally Rd, North, Velanchira-Pattolimarket Rd, Kandalloor, Kerala"
Deva Matha Hospital,Ernakulam,Koothattukulam,686662,"Deva Matha Hospital Koothattukulam, Kerala"
Devamatha Hospital,Thrissur,Koratty,680308,"Devamatha Hospital Old NH Road, Thrissur, Koratty, Kerala"
Devi Nursing Home,Malappuram,Nilambur,679329,"Devi Nursing Home Kalathinkadavu Rd, Nilambur, Kerala"
Divine Medical Centre,Thrissur,Trichur,680590,"Divine Medical Centre Kumaranellur, Kerala"
Divya Prabha Eye Hospital,Thiruvananthapuram,Kumarapuram,695011,"Divya Prabha Eye Hospital Padinjatil Lane, Kumarapuram, Thiruvananthapuram, Kerala"
Dm Wims ( Wayanad Institute Of Medical Secience),Wayanad,Wayanad,673577,"Dm Wims ( Wayanad Institute Of Medical Secience) Wayanad, Kerala"
Dr Rani Menon'S Eye Clinic,Thrissur,Thrissur,680003,"Dr Rani Menon'S Eye Clinic Bus Stop, Chungam, Vatanappally - Kanjany - Thrissur Rd, Thrissur, Kerala"
Dr. Kunhalu'S Nursing Home,Ernakulam,Marine Drive,682011,"Dr. Kunhalu'S Nursing Home TD Rd, Near Bharatiya Vidya Bhavan, Marine Drive, Kochi, Kerala"
Dr.Nairs Hospital,Kollam,Kollam,691002,"Dr.Nairs Hospital Residency Rd, Asramam, Kollam, Kerala"
Dr.Somervell Memorial Csi Hospital,Thiruvananthapuram,Karakonam,695504,"Dr.Somervell Memorial Csi Hospital Parassala Vellarada Rd, Karakonam, Kerala"
Dr.Tony'S Super Speciality Eye Institute,Ernakulam,Aluva,683101,"Dr.Tony'S Super Speciality Eye Institute High Road, Opp.Govt Boys Higher Secondary School, Aluva, Kerala"
Ebenezer Hospital (Tsunami Project Only),Alappuzha,Kayamkulam,690502,"Ebenezer Hospital (Tsunami Project Only) Court Road, Near Private Bus Stand, Kayamkulam, Kerala"
Elamkulam Hospital(It Is A Unit Of Elamkulam Maternity & Child Health Hospital),Kozhikode,Nilambur,679329,"Elamkulam Hospital State Highway 28 Nilambur, Kozhikode, Kerala"
Elite Mission Hospital,Thrissur,Trichur,680007,"Elite Mission Hospital Koorkenchery Rd, Koorkenchery, Thrissur, Kerala"
Fathima Hospital,Kozhikode,Kozhikode,673001,"Fathima Hospital, Bank Rd, Near LIC Office, Kozhikode, Kerala"
Fatima Mata Mission Hospital,Wayanad,Kalpetta,673121,"Fatima Mata Mission Hospital Pinangode Rd, Subhash Nagar, Kalpetta, Kerala"
G.G. Hospital,Thiruvananthapuram,Murinjapalam,695011,"G.G. Hospital Medical College, Pattom Kumarapuram Rd, Murinjapalam, Thiruvananthapuram, Kerala"
G.K.Hospital,Pathanamthitta,Thiruvalla,689102,"G.K.Hospital Ward No. 36, Allapuzha Road, Kavumbhagom, Kerala"
Gems Hospital,Alappuzha,Mavelikara,690101,"Gems Hospital Krishnapuram - Mavelikkara Rd, Thekkevilayil, Mavelikara, Kerala"
Giridhar Eye Institute,Ernakulam,Kadavanthra,682020,"Giridhar Eye Institute Ponneth Temple Rd, Tagore Nagar, Giri Nagar, Kadavanthra, Kochi, Kerala"
Goutham Hospital,Ernakulam,Cochin,682005,"PB-868, Mons. Mathew Kothakathu Rd, Panayappilly, Kochi, Kerala"
Grace Speciality Hospital,Malappuram,Edakkara,679331,"Grace Speciality Hospital Grace Speciality Hospital. Edakkara P.O, Malappuram, Kerala"
Gyno Speciality Hospital,Ernakulam,Angamaly,683585,"Gyno Speciality Hospital Athani, near Cochin International Airport Junction, Kerala"
Hail Mary Hospital,Ernakulam,Perumpilly,682314,"Hail Mary Hospital Kanjiramattom, Perumpilly, Kerala"
Holy Family Hospital,Idukki,Thodupuzha,685605,"Holy Family Hospital hospital road, muthalakodam, Thodupuzha, Kerala"
Hw Cardiac Center,Kottayam,Puthenangady,686001,"Hw Cardiac Center Santhigiri Ayurveda Siddha Hospital. Chalukunnu Junction, Kottayam, Azad Ln, Puthenangady, Kottayam, Kerala"
I Vision Eye Hospital A Unit Of Jasm Eye Hospital Pvt Ltd,Thrissur,Koorkenchery,680007,"I Vision Eye Hospital A Unit Of Jasm Eye Hospital Pvt Ltd Building, Smart City, near Kinar Stop, Koorkenchery, Thrissur, Kerala"
India Hospital,Thiruvananthapuram,Thampanoor,695001,"India Hospital Mele Thampanoor,EMS road, near Subramonia temple, Thampanoor, Thiruvananthapuram, Kerala"
Indira Gandhi Co-Op Hospital(A Unit Of Mambaram Co-Op Hospital Society,Kannur,Thalassery,670103,"Indira Gandhi Co-Op Hospital(A Unit Of Mambaram Co-Op Hospital Society Manjodi, Thiruvangad, Illathaazha, Thalassery, Kerala"
Irinjalakuda Co-Operative Hospital Limited,Thrissur,Irinjalakuda,680661,"Irinjalakuda Co-Operative Hospital Limited  Kolothumpady,Nadavaramba, Irinjalakuda, Kerala"
J.J. Hospital,Alappuzha,Kayamkulam,690533,"J.J. Hospital NH 66, Oachira, Krishnapuram, Kerala"
Janaki Nursing Home (Tsunami Project Only),Thiruvananthapuram,Kadakkavoor,695001,"Janaki Nursing Home Kadakkavoor, Trivandram, Thiruvananthapuram, Kerala"
Jeevodaya Mission Hospital,Thrissur,Chelakara,680586,"Jeevodaya Mission Hospital Chelakkara , Thrissur, Kerala"
Jesus Hospital,Ernakulam,Karuvelipady,682005,"Jesus Hospital 13/744, Devankulangara,Edappally, Karuvelipady, Thoppumpady, Kochi, Kerala"
Jishy Hospital,Ernakulam,Cochin,682507,"Jishy Hospital Mundamveli Rd, Mundamveli, Kochi, Kerala"
Jubilee Memorial Hospital,Thiruvananthapuram,Palayam,695034,"Jubilee Memorial Hospital Sunny Meads Ln, University of Kerala Senate House Campus, Palayam, Thiruvananthapuram, Kerala"
K.G. Hospital,Ernakulam,Angamaly,683572,"K.G. Hospital Angamaly, Ernakulam District, Kochi, Kerala"
K.M.C Hospital (Tsunami Project Only),Thrissur,Trichur,680681,"K.M.C Hospital  Guardian Road, NH17, Moonnupeedika, Kaipamangalam, Thrissur, Kerala"
K.M.K.Hospital,Thrissur,Paravur,683513,"K.M.K.Hospital KMK Junction, North Paravur, Kerala"
K.P.M Eye Hospital & Laser Centre,Ernakulam,Cochin,682011,"K.P.M Eye Hospital & Laser Centre Hospital Road, near Mahatma Gandhi Road, Ernakulam, Kerala"
K.V.M Multi Speciality Hospital,Ernakulam,Cherthala,688524,"K.V.M Multi Speciality Hospital National Highway, NH 66, Cherthala, Kerala"
Kaduvayil Thangal Charitable Trust Hospital,Thiruvananthapuram,Kallambalam,695605,"Kaduvayil Thangal Charitable Trust Hospital Chathampara, Thottakkadu P.O., Kallambalam, Thiruvananthapuram, Chathampara, Karavaram, Kerala"
Kanhangad Nursing Home,Kasaragod,Kanhangad,671531,"Kanhangad Nursing Home Puthiyavalapu, Kanhangad, Kerala"
Kannur Co-Operative Hospital Society Ltd,Kannur,Kannur,670002,"Kannur Co-Operative Hospital Society Ltd  Kannothchal, Kerala"
Kannur Medical College Hospital,Kannur,Anjarakandy,670612,"Kannur Medical College Hospital Integrated Campus, PO, Anjarakandy, Kerala"
Karothukuzhi Hospital Pvt Ltd,Ernakulam,Aluva,683101,"Karothukuzhi Hospital Pvt Ltd Karothukuzhi Junction, Kochi, Market Rd, Aluva, Kerala"
Karuna Hospital,Idukki,Nedumkandam,685553,"Karuna Hospital Asarikandam Road, Idukki Dist., Nedumkandam, Kerala"
Karuna Hospital,Thrissur,Thrissur,680614,"Karuna Hospital Karuna Hospital. Xi-271, Nh-17, Chilanka Theatre And Bus Stop, Thrissur, Kerala"
Kasaragod Institute Of Medical Sciences,Kasaragod,Kasaragod,671123,"Kasaragod Institute Of Medical Sciences Kasaragod, Kerala"
Kerala Ent Research Foundation,Kollam,Thevally,691009,"Kerala Ent Research Foundation Highschool Junction Anchalumoodu, Kureepuzha Rd, near Ramavarma Club Madhavam, Thevally, Kollam, Kerala"
Kims Hospital & Surgical Centre,Ernakulam,Edapally,682033,"Kims Hospital And Surgical Center, Changampuzha Nagar P O Pathadipalam Edapally Kochi, Ernakulam, Kerala"
Kolath Medical Center Pvt Ltd,Thiruvananthapuram,Peroorkada,695005,"Kolath Medical Center Pvt Ltd Pearl Nagar, Krishna Nagar Rd, AKG Nagar, Peroorkada, Thiruvananthapuram, Kerala"
Kottakkattu Medicare Hospital,Pathanamthitta,Vennikulam,689542,"Kottakkattu Medicare Hospital Eraviperoor-Vennikulam Rd, Puramattom panchayath, Vennikulam, Kerala"
Koya'S Hospital,Kozhikode,Cheruvannur,673631,"Koya'S Hospital Feroke City Road Feroke, Cheruvannur, Kerala"
Krishna Hospital,Ernakulam,Cochin,682016,"Krishna Hospital Chittoor Rd, opposite Maharajas College Ground, Shenoys, Kochi, Kerala"
Krishna Hospital,Kasaragod,Kasaragod,671123,"Krishna Hospital Chinmaya Colony, Vidyananagar, Opposite Govt. College Kasaragod, Kasaragod, Kerala"
Lakshmi Hospital,Palakkad,Palakkad,678013,"Lakshmi Hospital Coimbatore Rd, Prathiba Nagar, Kalmandapam, Palakkad, Kerala"
Lakshmi Hospital (Tsunami Project Only),Alappuzha,Thoppumpady,688534,"Lakshmi Hospital Bypass Junction, Aroor - Thoppumpady Rd, Aroor gram panchayat, Kerala"
Lakshmi Nursing Home,Ernakulam,Cochin,682016,"Lakshmi Nursing Home Diwan's Road, Kochi"
Lal Memorial Hospital,Thrissur,Porathissery,680712,"Lal Memorial Hospital Mapranam - Nandikkara Rd, Porathissery, Kerala"
Laxmi Hospital,Ernakulam,Cochin,682016,"Laxmi Hospital Lakshmi Hospital, Diwan's Road, Kochi"
Leo Hospital,Wayanad,Kalpetta,673121,"Leo Hospital Main Rd, Mandayapuram,Kalpetta, Kerala"
Little Flower Hospital & Research Centre,Ernakulam,Angamaly,683572,"Little Flower Hospital & Research Centre SH 1, Angamaly, Kerala"
Lords Hospital,Thiruvananthapuram,Trivandrum,695029,"Lords Hospital Lords Jn, Maharaja's Lane, Chackai Bypass Road, Kerala"
Lourde Hospital,Kannur,Taliparamba,670141,"Lourde Hospital Chiravakku, Taliparamba, Kerala"
M.A.G.J. Hospital Mookkanoor,Ernakulam,Angamaly,683577,"M.A.G.J. Hospital Mookkanoor, Mookkannoor Ezhattumugham Rd, Angamaly, Kerala"
M.A.J.Hospital,Ernakulam,Cochin,682024,"M.A.J.Hospital Market Rd, Edappally, Kochi, Kerala"
M.I. Mission Hospital (Tsunami Project Only),Thrissur,Trichur,680615,"M.I. Mission Hospital National Highway 66, Chanthappadi, Engandiyoor, Kerala"
Maanu Memorial Hospital,Malappuram,Manjeri,676121,"Maanu Memorial Hospital Melakkam, Manjeri, Malappuram SH-71, Calicut Nilambur Road, Malappuram, Kerala"
Madonna Hospital & Research Centre,Ernakulam,Angamaly,683572,"Madonna Hospital & Research Centre, Aluva - Munnar Rd, Angamaly, Kerala"
Malabar Diabetes Foundation And Research Centre,Kozhikode,Kozhikode,673001,"Malabar Diabetes Foundation And Research Centre, Passport Office, Near Co- Operative Hospital, Kozhikode, Kerala"
Malabar Hospitals,Palakkad,Palakkad,678701,"Malabar Hospitals, near Yakkara Bridge, Kenathuparambu, Kunathurmedu, Palakkad, Kerala"
Malabar Institute Of Medical Sciences,Kozhikode,Kozhikode,673016,"Malabar Institute Of Medical Sciences, Mini Bypass Rd, Govindapuram, Kozhikode, Kerala"
Malabar Institute Of Medical Sciences Ltd-Kottakkal,Thrissur,Kottakkal,676501,"Malabar Institute Of Medical Sciences Ltd-Kottakkal, NH 66, Calicut, Thrissur Road, Changuvetty, Kerala 676501"
Malabar Multispeciality Centre Pvt Ltd,Kasaragod,Kasaragod,671123,"Malabar Multispeciality Centre Pvt Ltd, Kasaragod, Kerala"
Malankara Orthodox Syrian Church Medical College Hospital,Ernakulam,kolencherry,682311,"Malankara Orthodox Syrian Church Medical College Hospital, Medical College Road, PO kolencherry, Kochi, Kerala"
Manipal Uma Hospital,Kasaragod,Kasaragod,671121,"Manipal Uma Hospital,  Opp. Bsnl Office, Kasaragod, Kerala"
Mar Thoma Mission Hospital,Malappuram,Malappuram,679334,"Mar Thoma Mission Hospital, Chungathara, Kerala"
Margeevarghese Dionysius Memorial Hospital,Kottayam,Kangazha,686555,"Margeevarghese Dionysius Memorial Hospital, Kangazha, Kerala"
Mary Quenn'S Mission Hospital,Kottayam,Kanjirapally,686518,"Mary Quenn'S Mission Hospital, Erumely Road, Palampra Rd, Kottayam, Kerala"
Matha Hospital,Kottayam,Kottayam,686630,"Matha Hospital, SH 1, Thellakom, Kerala"
Matha Medical Centre (Tsunami Scheme Only),Kollam,Kollam,691601,"Matha Medical Centre, Mathilil p.o, Kollam, Kerala"
Mayo Hospital,Wayanad,Wayanad,673122,"Mayo Hospital,Vivekanandanagar. Muttil,Kalpetta North PO. Dist- Wayanad. Kerala"
Medical Centre Trichur Ltd.,Thrissur,Thrissur,680022,"Medical Centre Trichur Ltd,Shoranur Road, Near Viyyur Bridge, Thrissur"
Medical Mission Hospital,Thiruvananthapuram,Trivandrum,695009,"Medical Mission Hospital, Manacaud, Thiruvananthapuram, Kerala"
Medical Trust Hospital,Ernakulam,Cochin,682016,"Medical Trust Hospital, Mahatma Gandhi Rd, Pallimukku, Kochi, Kerala"
Medical Trust Hospital (Tsunami Project Only),Alappuzha,Vellakkinar,688011,"Medical Trust Hospital, Municipal Stadium Ward, Vellakkinar, Alappuzha, Kerala"
Medicare Hospital,Ernakulam,Ernakulam,682035,"Medicare Hospital, Narakathara Road, Opp.Shenoy'S, Ernakulam"
Medicare Hospital,Thrissur,Trichur,680664,"Medicare Hospital, Keetholi, Kodungallur, Kerala"
Meditrina Hospital,Thiruvananthapuram,Pattom,695004,"Meditrina Hospital, TC 2, 2367, 1st Street, Vrindavan Gardens, Pattom, Thiruvananthapuram, Kerala"
Mercy Hospital,Kottayam,Thalayolaparambu,686605,"Mercy Hospital, Pothy, Puthuveli Rd, Thalayolaparambu"
Mercy Nursing Home (P) Ltd,Kottayam,Karukachal,686540,"Mercy Nursing Home (P) Ltd, SH9, Karukachal, Kerala"
Mes Medical College Hospital,Malappuram,Perinthalmanna,679321,"Mes Medical College Hospital, Palachode Post Malaparamba, Perinthalmanna, Kolathur, Kerala"
Mgm Muthoot Medical Center (P) Ltd,Pathanamthitta,Pathanamthitta,689645,"Mgm Muthoot Medical Center (P) Ltd, Ring Rd, Chuttipara, Valanchuzhy, Pathanamthitta, Kerala"
Modern Hospital Kodungallur Ltd.,Thrissur,Kodungallur,680668,"Modern Hospital Kodungallur Ltd, Kodungallur Eriyad Rd, Kothaparambu, Kodungallur, Kerala"
Modern Urology Centre,Kollam,Kollam,691001,"Modern Urology Centre, Polayathodu, Kollam"
Moham Hospital ( Tsunami Project Only),Alappuzha,Eramalloor,688537,"NH 66, near Sania theatre,Eramalloor, Ezhupunna, Kerala"
Mother Hospital,Thrissur,Trichur,680012,"P.O, Olari - Pullazhi Rd, Pullazhi, Thrissur, Kerala"
Moulana Hospital,Malappuram,Perinthalmanna,679322,"Mysuru - Ooty Rd, Perintalmanna, Kerala"
Muvattupuzha Medical Centre,Ernakulam,Muvattupuzha,686669,"M.C. Road, Velloorkunnam, Market P.O. Ernakulam District, Muvattupuzha, Kerala"
N.S. Memorial Institute Of Medical Sciences,Kollam,Thazhuthala,691020,"N.S. Memorial Institute Of Medical Sciences, Mylapure, Palathara, Thazhuthala, Kerala"
Najath Super Speciality Hospital,Ernakulam,Aluva,683101,"Bank Junction, Bridge Rd, near Royal Plaza, Aluva, Kochi, Kerala"
National Hospital,Kozhikode,Tazhekkod,673001,"Mavoor Rd, Near KSRTC Bus Stand, Tazhekkod, Kozhikode, Kerala"
Navabharath Medical Centre,Ernakulam,Ernakulam,683515,"Near Moothukunnam Bridge, Munambam, Palliport.P.O, Kochi, Kerala"
Nila Hospital Pvt Ltd,Palakkad,Pattambi,679303,"Pallipuram Road, Palakkad, Pattambi, Kerala"
Nims Hospital,Thiruvananthapuram,Neyyattinkara,695123,"NIMS, Aralumoodu, Neyyattinkara, Kerala"
Orchid Hospital Institute Of Health Care & Research Pvt Ltd,Malappuram,Malappuram,676519,"Kizhakkethala, Down Hill, Malappuram, Kerala"
P.G. Medical Trust Hospital,Malappuram,Nilambur,679329,"P.G. Medical Trust Hospital, Manalody, Nilambur, Kerala"
P.M.Hospital,Alappuzha,Mavelikara,690101,"P.M.Hospital, Old Mavelikkara, Mavelikara, Kerala"
P.R.S. Hospital,Thiruvananthapuram,Killipalam,695002,"NH 47, Killipalam, Thiruvananthapuram, Kerala 695002"
P.S. Mission Hospital,Ernakulam,Maradu,682304,"Maradu, Ernakulam, Kerala"
P.V.S Hospital,Kozhikode,Kozhikode,673002,"Railway Station Rd, near Railway Station, Palayam, Kozhikode, Kerala 673002"
P.V.S. Memorial Hospital Ltd.,Ernakulam,Kaloor,682017,"Banerji Rd, Opp Gokulam park, Kaloor, Ernakulam, Kerala 682017"
Paalana Institute Of Medical Sciences,Palakkad,Palakkad,678701,"Palana Hospital Rd, Kannadi-I, Kerala"
Paret Mar Ivanios Hospital,Kottayam,Puthuppally,686011,"Changanacherry Road, Puthuppally, Kerala 686011"
Pearl Hospital,Kollam,Karunagappalli,690518,"Main Road, Pada South, opposite TNP Theatre, Lalaji Junction, Karunagappalli, Kerala"
Pk Das Institute Of Medical Sciences,Palakkad,Ottappalam,679522,"Vaniamkulam, Ottapalam, Kerala 679522"
Prasanthi Hi-Tech Hospital (A Unit Of Holy Cross Hospital Pvt Ltd,Malappuram,Manjeri,676121,"Opp. Medical College Hospital, Court Rd, Manjeri, Kerala 676121"
Prathyasa Msgr Joseph Kandathil Memorial Cancer Research Centre Green Gardens Cherthala,Alappuzha,Cherthala,688539,"NH 47, Maruthorvattom, 11th Mile, Cherthala, Kerala 688539"
Pushpagiri Institute Of Medical Sciences & Research Centre,Pathanamthitta,Thiruvalla,689101,"Near Pvt Bus stand, Thiruvalla, Kerala 689101"
Rajah Charitable Medical Trust,Thrissur,Trichur,680506,"Muthuvatoor Guruvayoor, Chavakkad, Kerala 680506"
Ranjini Eye Care,Ernakulam,Cochin,682019,"Door No. 30/920B, B1 & C, Thripunithura - Maradu Rd, Near Power House, Vyttila, Kochi, Kerala"
Rcm Hi-Tech Multi Speciality Hosptial Rcm Eye Hospital,Ernakulam,Ernakulam,682301,"Hill Palace Rd, Thrippunithura, Ernakulam, Kerala"
Red Crescent Hospital,Kozhikode,Kozhikode,673632,"NH-66, Feroke Chungam, Ramanattukara, Kerala 673632"
Roahan Eye Care Hospital,Ernakulam,Thrippunithura,682301,"S.N Junction, Thrippunithura, Ernakulam, Kerala 682301"
Rural Institute Of Medical Science,Thiruvananthapuram,Nedumangad,695541,"24/231, NMC, College Road, Nedumangad, Kerala 695541"
S.K. Hospital,Thiruvananthapuram,Edapazhanji,695006,"Thiruvananthapuram - Neyyar Dam Rd, Edapazhanji, Thiruvananthapuram, Kerala"
Sacred Heart General Hospital,Alappuzha,Cherthala,688524,"Salem-Kanyakumari Highway, Maruthorvattom, Alappuzha District, Cherthala, Kerala"
Sacred Heart Multispeciality Hospital,Malappuram,Malappuram,679333,"SH28, Palad, Manimooly, Kerala 679333"
Sahrudaya Hospital,Alappuzha,Alleppey,688013,"Thondankulangara, Thathampally, Alappuzha, Kerala 688013"
Sai Nursing Home,Palakkad,Palakkad,678002,"QJWV+H9G, Dasaradha Nagar, Chathapuram, Kalpathy, Palakkad, Kerala"
Samaritan Hospital,Ernakulam,Kizhakkambalam,680562,"Pukkattupady Kizhakkambalam Road Pazhanganad, Kizhakkambalam, Kochi, Kerala"
San Joe Hospital,Ernakulam,Perumbavoor,683542,"San Joe Hospital Rd, Perumbavoor, Kerala"
Sangeetha Nursing Home,Ernakulam,Cochin,682002,"No. 5, 1496, TD High School, South Cherlai, Mattancherry, Kochi, Kerala"
Sanjeevani Hospital Pvt. Ltd.,Palakkad,Shoranur,679122,"Sanjeevani Hospital Pvt Ltd. Kulapully, Shoranur, Palakkad, Kerala - 679122"
Sanjivani Multipseciality Hospital ,Alappuzha,Alleppey,690509,"Alakode, Kollakadavu, Chengannur, Kerala 690509"
Saraf Hospital,Ernakulam,Perumanoor,682016,"39, 4603, Sreekandath Rd, Ravipuram, Perumanoor, Kochi, Kerala 682016"
Saraswathy Hospital Parassala,Thiruvananthapuram,Parassala,695502,"Building No. 722, Pavathiyan Vila, Salem - Kochi - Kanyakumari Hwy, Kurumkutty, Parassala, Kerala"
Saroja Nursing Home,Thrissur,Trichur,680020,"Shoranur Rd, Naikkanal, Thrissur, Kerala 680020"
Sevana Hospital & Research Centre (P) Ltd,Palakkad,Pattambi,679303,"SH 22, Kalladipatta Post, Pattambi, Kerala 679303"
Shankar'S Eye Hospital,Kollam,Punalur,691333,"Ayoor – Punalur Hwy, Power House Junction, Panamkuttymala, Punalur, Kerala 691333"
Sp Fort Hospital,Thiruvananthapuram,Trivandrum,695023,"Anakottil St, West Fort, Pazhavangadi, Thiruvananthapuram, Kerala"
Specialist Hospital,Ernakulam,Cochin,682018,"Haji K C M Mather Road, Xavier Arakkal Rd, Ernakulam North, Opp, Kacheripady, Kochi, Kerala 682018"
Sree Gokulam Medical College & Research Foundation,Thiruvananthapuram,Venjarammoodu,695607,"Aalamthara - Bhoothamadakki Rd, Venjarammoodu, Kerala 695607"
Sree Kantapuram Hospital,Alappuzha,Mavelikara,690103,"SH6, Kandiyoor, Mavelikara, Kerala 690103"
Sree Narayana Institute Of Medical Sciences,Ernakulam,Kunnukara,683594,"Chalakka - Kuthiathode Rd, North Kuthiathode, Kunnukara, Kerala 683594"
Sree Shanmukhavilasom Hospital,Kollam,Kollam,691001,"QS Road, P.B. No: 32, Kollam, Kerala 691001"
Sree Sudhendra Medical Mission Hosp.,Ernakulam,Kaloor,682018,"Chittoor Rd, North Kaloor, Kacheripady, Ernakulam, Kerala 682018"
Sree Uthradom Thirunal Hospital(A Unit Of Trivandrum Specialists Hospital Ltd),Thiruvananthapuram,Pattom,695004,"Near, Palace View Rd, Vrindavan Gardens, Pattom, Thiruvananthapuram, Kerala 695004"
Sridhar Hospital,Kozhikode,Chakkorathukulam,673011,"BG Rd, Chakkorathukulam, Kozhikode, Kerala 673011"
St. Mary'S Mission Hospital,Wayanad,Sultan Bathery,673592,"Sultan Bathery, Kerala 673592"
St. Thomas Hosptial,Pathanamthitta,Aranmula,689532,"Mavelikkara Kozhenchery Road - SH 10 Malakkara, Village, P O, Aranmula, Kerala 689532"
St.Joseph'S Hospital Trust,Ernakulam,Ernakulam,683501,"Muttar Eloor Road Near Eloor SACT, Manjummel, Ernakulam, Kerala 683501"
St.Josephs Eye & Ent Hospital,Kottayam,Kanjirappally,686506,"Kanjirappally, Kerala 686506"
St.Jude Hospitals,Thiruvananthapuram,Karamana,695001,"FXG5+FXQ, P.Subramaniam Nagar, Killipalam, Karamana, Thiruvananthapuram, Kerala 695001"
St.Rita'S Hospital,Kottayam,Nalukody,686548,"Nalukody P.O, Kerala 686548"
St.Sebastian'S Visitation Hospital (Tsunami Project Only),Alappuzha,Cherthala,688530,"Arthunkal P.O, Alappuzha, Dist, Cherthala, Kerala 688530"
Sun Medical And Research Centre (A Unit Of Trichur Heart Hospital Ltd),Thrissur,Kannamkulangara,680001,"Bus Stand, near Sakthan Thampuran, Sakthan Thampuran Nagar, Kannamkulangara, Thrissur, Kerala 680001"
Susruta Eye Hospital,Ernakulam,Kakkanad,682030,"Building No. 70, Seaport Airport Road, Mavelipuram, Kakkanad, Mavelipuram Colony, Thrikkakara, Kochi, Kerala"
T.M.Hospital (Tsunami Project Only),Thrissur,Chettuva,680616,"E Tippusultan Rd, Chettuva, Kerala 680616"
Taliparamba Co-Operative Hospital Society,Kannur,Taliparamba,670141,"Taliparamba - Iritty Rd, Opposite Honda Showroom, Taliparamba, Kerala"
Tellicherry Co-Operative Hospital,Kannur,Thalassery,670101,"Venus Junction, opposite City centre, Thalassery, Kerala"
Thangam Hospital (Pmrc),Palakkad,Palakkad,678004,"Chadanamkurussi, West Yakkara, Palakkad, Kerala 678004"
Thaqdees Hospitals Ltd,Ernakulam,Kochi,683561,"Pukkattupady,Edathala.p.o. Aluva, Kochi, Kerala"
The Badagara Sahakarana Asupathri,Kozhikode,Vatakara,673104,"JH2R+JQH, Nut Street, Vatakara, Kerala 673104"
The Mundakapadam Mandiram Hospital,Kottayam,Puthuppally,686018,"Puthuppally Rd, Kalathilpady, Manganam, Puthuppally, Kerala 686018"
Thengana Medical Mission Hospital,Kottayam,Vazhoor,686536,"Changanassery - Vazhoor Rd, Perumpanachy, Kerala 686536"
Thrikkakara Grama Panchayath Co-Operative Hospital Ltd,Ernakulam,Kakkanad,682030,"Seaport Airport Road Near Collectorate Kakkanad P O, Kochi, Kerala 682030"
Tiruvalla Medical Mission,Pathanamthitta,Tiruvalla,689101,"Thiruvalla - Mallappally Rd, Thiruvalla, Kerala 689101"
Travancore Hospital,Kollam,Thattamala,691020,"NH BYPASS, MYLAPORE PO, Thattamala, Kollam, Kerala 691020"
Trichur District Co Operative Hospital,Thrissur,Naikkanal,680020,"306, Kodungallur - Shornur Rd, Naikkanal, Thrissur, Kerala 680020"
Udayagiri Multi Speciality Hospital,Kottayam,Changanassery,686102,"ICO Junction, APJ Abdul Kalam Rd, Perunna, Changanassery, Kerala 686102"
United Hospital And Research Centre,Kasaragod,Kasaragod,671121,"Kotakani Rd, Kasaragod, Kerala 671121"
Upasana Hospital,Kollam,Kadapakkada,691001,"QS Rd, Kadapakkada, Kollam, Kerala 691001"
Varsha Nursing Home,Ernakulam,Mulanthuruthy,682314,"Railway Station Road, Karottakiriz, Mulanthuruthy, Kerala 682314"
Vasan Eye Care Hospital,Ernakulam,Ernakulam,682011,"Atlantis Junction, M G Road, Ernakulam - 682011"
Vasan Eye Care Hospital,Kannur,Kannur,670001,"Nethra Building, Fort Road, near SBI, Kannur, Kerala 670001"
Vasan Eye Care Hospital,Kottayam,Karapuzha,686003,"Anugraha House, Union Club Road, Karapuzha, Kottayam, Kerala 686003"
Vasan Eye Care Hospital,Palakkad,Kunnathur,678013,"18/88(7), Chittur Road, Near East Fort Maidan, Kunnathur Medu, Palakkad, Kerala 678013"
Vasan Eye Care Hospital,Thrissur,Thrissur,680001,"TC IX / 376, TB Road, Opp. IMA Office, near Sakthan stand, Thrissur, Kerala 680001"
Vasan Eye Care Hospital,Thiruvananthapuram,Pattom,695004,"Trinity Tower Pattom Pottakuzhy Road Opposite Vydyuthi Bhavan, Pattom, Thiruvananthapuram, Kerala 695004"
Vasan Eye Care Hospital(A Unit Of Vasan Health Care Pvt Ltd),Kozhikode,Arayidathupalam,673001,"No- 825, Bypass Road, Arayidathupalam, Kozhikode - 673001"
Vatheyayath Hospital,Ernakulam,Perumbavoor,683542,"Perumbavoor Puthencruz Road, Perumbavoor, Ernakulam, Cochin, Kerala 683542"
Venad Hospital (Nedumangad),Thiruvananthapuram,Nedumangad,695541,"Nedumangad - Shorlacode Hwy, Kulavikonam, Nedumangad, Kerala 695541"
Vijaya Kumara Menon Hospital,Ernakulam,Thrippunithura,682301,"CRRA17, Grover Nagar, Thrippunithura, Ernakulam, Kerala 682301"
Vimala Hospital,Ernakulam,Kanjoor,680575,"Kalady - Aluva Rd, Kanjoor, Kerala 680575"
Vinayaka Hospital,Wayanad,Sultan Bathery,673592,"Kattayad Road, Sultan Bathery, Wayanad, Kerala 673592"
West Fort Hi-Tech Hospital Ltd.,Thrissur,Punkunnam,680002,"Guruayoor Road, Punkunnam, Thrissur, Kerala 680002"
West Fort Hospital,Thrissur,West Fort,680004,"PB. No. 803, West Fort, Thrissur, Kerala 680004"
West Side Hospital Pvt Ltd,Ernakulam,Mattancherry,682002,"Moulana Azad Rd, Kappalandimukku, Mattancherry, Kochi, Kerala 682002"
Westend Eye Hospitals,Ernakulam,Kacheripady,682018,"Chittoor Rd, Kacheripady, Ernakulam, Kerala 682018"