"A A Rahim Memorial District Hospital",Kollam,Chinnakada,691008,Near Taluk Kachery Chinnakada Kollam
Chc Cheruvathur,Kasaragod,Cheruvathur,671313,"Community Health Centre Cheruvathur Cheruvathur Po Kasaragod 671313"
Chc Chungathara,Malappuram,Chungathara,679334,"Community Health Centre, Chungathara"
Chc Edapal,Malappuram,Edapal,679576,Edappal
Chc Edavanna,Malappuram,Edavanna,676541,"Community Health Centre, Chembakuth,Edavanna P.O"
Chc Edayarikkapuzha,Kottayam,Edayarikkapuzha,686541,Chc Edayirikkapuzha
Chc Kalady,Ernakulam,Mattoor,683574,Community Health Centre Kalady
Chc Kalikavu,Malappuram,Kalikavu,676525,"Chc Kalikavu,Kalikavu,676525"
Chc Kallara,Thiruvananthapuram,Kallara,500001,Chc Kallara Trivandrum
Chc Kanyakulangara,Thiruvananthapuram,Trivandrum,695615,"Kanyakulangara Po,Trivandrum"
Chc Katampazhipuram,Palakkad,Katampazhipuram,678633,Katamapzhipuram
Chc Kesavapuram,Thiruvananthapuram,Kilimanoor,695601,Community Health Centre Kesavapuram
Chc Kumarakom,Kottayam,Kottayam,686563,Chc Kumarakom
Chc Meenangdi,Wayanad,Meenangdi,673591,Chc Meenangdi Wayanad
Chc Moothakunnam,Ernakulam,Paravour,683516,Chc Moothakunnam
Chc Mukkam,Kozhikode,Mukkam,673602,"Chc Mukkam, Kozhikode"
Chc Narikkuni,Kozhikode,Kozhikode,673585,Chc Narikkuninarikkuni P.Okozhikode
Chc Nenmara,Palakkad,Nenmara,678508,"Chc Nenmara,Nenmara(Po)-678508"
Chc Nilamel,Kollam,Nilamel,691535,"Chc Nilamel Nilamel Po Kollam Kerala 691535"
Chc Omanur,Malappuram,Edavannapara,673645,"Chc Omanur, Ponnad, Edavannapara"
Chc Panamaram,Wayanad,Panamaram,670721,Community Health Centre
Chc Pandappilly,Ernakulam,Pandappilly,686672,Chc Pandappilly
Chc Pappinissery,Kannur,Pappinisseri,670561,"Velapuram Palam,Pappinisseri, Kerala"
Chc Poovar,Thiruvananthapuram,Poovar,695525,Hospital Jn Poovar 695525
Chc Purathur,Malappuram,Tirur,676561,"Chc Purathur,Muttannur Po,"
Chc Sachivothamapuram,Kottayam,Kottayam,686532,"Chc Sachivothamapuram, Sachivothamapuram P.O Kottayam"
Chc Tanur,Malappuram,Tanur,676302,Chc Tanurtanur (Po)Malappuram
Chc Vellanad,Thiruvananthapuram,Town,695543,"Chc Vellanad, Vellanad,Tvm"
Chc Vellarada,Thiruvananthapuram,Thiruvananthapuram,695505,"Community Health Centre ,Vellarada"
Chc Vilappil,Thiruvananthapuram,Tvm,695573,"The Medical Officer In Charge Chc Vilappil Vilappilsala"
"Chc, Thottakkad",Kottayam,Kottayam,686539,"Chc, Thottakkad P.O"
Chca Gali,Palakkad,Goolikkadavu,678581,Chc Agali
Chc thalakulathur,Kozhikode,Thalakulathur,673317,Chc thalakulathur Kozhikode
Cheast Diesease Hospital,Thiruvananthapuram,Trivandrum,695031,Chest Disease Hospital
Cochin Cancer Research Centre,Ernakulam,Ernakulam,683503,Cochin Cancer Research Centre
"Community Health Center Periye",Kasaragod,Periya,671316,"Chc Periye,Periya(Po)(Via)Bekal Fort"
"Community Health Centre Nedumpana",Kollam,Kollam,691573,Velichikkal Ap.O Velichikkala
"Community Health Centre Chalissery",Palakkad,Chalissery,679376,"Community Health Centre Chalissery, Chalissery (Po), Palakkad (Dist)"
"Community Health Centre Kesavapuram",Thiruvananthapuram,Kilimanoor,695304,Community Health Centre Kesavapuram
"Community Health Centre Melattur",Malappuram,Melattur,679326,Melattur Melattur.P.O
"Community Health Centre Oduvallithattu",Kannur,Thaliparamba,670581,Chapparapadavu (P.O)
"Community Health Centre Venpakal",Thiruvananthapuram,Neyyattinkara,500001,Community Health Centre Venpakal Neyyattinkara
"Community Health Centre, Vizhinjam, Thiruvananthapuram",Thiruvananthapuram,Thiruvananthapuram,695521,"Community Health Centre, Vizhinjam, Thiruvananthapuram"
Dh Perinthalmanna,Malappuram,Perinthalmanna,679322,"Gov Dh Perinthalmanna Pernithalmanna 679332"
"District Government Hospital, Vadakara",Kozhikode,Vadakara,673101,"District Government Hospital, Vadakara Kozhikode"
District Hospital,Palakkad,Palakkad,678001,"Govt.District Hospital,Palakkad"
District Hospital,Pathanamthitta,Kozhencherry,689641,"District Hospital Kozhencherry Pathanamthitta Dist"
"District Hospital ,Kannur",Kannur,Kannur,670017,"Fort Road ,Kannur"
District Hospital Aluva,Ernakulam,Aluva,683101,Near Ksrtc Bus Stand Aluva
District Hospital Chengannur,Alappuzha,Chengannur,689121,"District Hospital ,Chengannur"
District Hospital Mananthavady,Wayanad,Mananthavady,670645,
District Hospital Mavelikara,Alappuzha,Mavelikara,690102,Mavelikara
District Hospital Thodupuzha,Idukki,Thodupuzha,685585,District Hospital
District Hospital Wadakkanchery,Thrissur,Wadakkanchery,680590,Kumaranelloor P O
"District Hospital, Nedumangad",Thiruvananthapuram,Nedumangad,695541,"District Hospital, Nedumangad, Nedumangad P.O., Thiruvananthapuram-695541"
District Hospitalnilambur,Malappuram,Nilambur,679329,District Hospitalnilambur
"District Model Hospital Pperoorkada",Thiruvananthapuram,Thiruvananthapuram,695005,"District Model Hospital,Peroorkada P O,Thiruvananthapuram,Pin -695005"
"District Hospital Kanhangad",Kasaragod,Balla,671351,Balla
E K Nayanar Memorial Govt Women And Children Hospital,Kannur,Thaliparamba,670563,"Ek Nayanar Govt. Women And Children Hospital,Mangattuparamba"
"General Hospital ,Muvattupuzha",Ernakulam,Muvattupuzha,686661,"Muvattupuzha ,Kmparcade ,Post Office Junction"
"General Hospital ,Pala",Kottayam,Pala,686575,"Govt General Hospital, Pala P.O"
General Hospital Alappuzha,Alappuzha,Alappuzha,6886011,"General Hospital, Alappuzha"
"General Hospital Changanacherry",Kottayam,Changanacherry,686101,"General Hospital, Changanacherry"
General Hospital Ernakulam,Ernakulam,Ernakulam,682011,"General Hospital Ernakulam, Hospital Road, Pin- 682011"
General Hospital Irinjalakuda,Thrissur,Irinjalakuda,680121,Railway Station Road Near Tana Junction
General Hospital Kanjirappally,Kottayam,Kanjirappally,686507,"General Hospitalkunnumbhagam (P O)Kanjirappallykottayampin-686507"
General Hospital Kottayam,Kottayam,Kottayam,686001,"Opposite Mammen Mappila Hall , Kottayam"
General Hospital Neyyattinkara,Thiruvananthapuram,Neyyattinkara,695121,The Superintendent
General Hospital Pathanamthitta,Pathanamthitta,Pathanamthitta,689645,"Near Collectrate ,Pathanamthitta"
General Hospital Thrissur,Thrissur,Thrissur,680001,General Hospital Thrissur
General Hospital Trivandrum,Thiruvananthapuram,Trivandrum,695035,General Hospital Trivandrum
Gh Adoor,Pathanamthitta,Adoor,691523,General Hospital Adoor
Gh Kalpetta,Wayanad,Kainatty,673122,Govt. General Hospital Kalpetta
Gh Thalassery,Kannur,Thalassery,670101,General Hospital Thalassery
Gmch Kollam,Kollam,Paripally,690574,Gmch Kollam Paripally Po
Gov.District Hospital Tirur,Malappuram,Tirur,676104,"Gov.District Hospital,Civil Station Road,Trikkandiyur (Po)Tirur"
"Government General Hospital Kozhikode",Kozhikode,Kozhikode,673032,"Govt. General Hospital, Kozhikode Beach"
"Government Medical College Hospital, Manjeri",Malappuram,Manjeri,676121,"Government Medical College Hospital Manjeri,Manjeri.P.O,Malappuram Dist,Pin 676121"
Government Victoria Hospital,Kollam,Kollam,691001,Government Victoria Hospital
"Govt General Hospital Kasaragod",Kasaragod,Kasaragod,671121,General Hospital
"Govt Taluk Hospital Thamarassery",Kozhikode,Thamarassery,673573,Govt Taluk Hospital Thamarassery
Govt Tribal Hospital Nalloornad,Wayanad,Wayanad,670645,Kunnamangalam P O
Govt Tribal Specialty Hospital,Palakkad,Kottathara,678581,Kottathara
Govt. Dental College Kottayam,Kottayam,Kottayam,686008,
"Govt. Medical College Hospital Kottayam",Kottayam,Kottayam,680005,"Govt. Medical College Hospital Gandhinagar Kottayam"
Govt. Taluk Hospital Kozhikode,Kozhikode,Kozhikode,673631,"Govt. Taluk Hospital Feroke, Kozhikode, 673631"
"Govt.Hospital For Women & Children ,Kottaparamb,",Kozhikode,Kozhikode,673001,"Govt Hospital For Women And Children- ,Kozhikode"
Govt.Hospital Palode,Thiruvananthapuram,Palode,500003,Govt.Hospital Palode Trivandrum
"Govt.Maharaja'S Taluk Hospital,Karuvelippady",Ernakulam,Karuvelipadi,682005,Govt.Maharajas Hospital Karuvelipady
Govt.Medical College Hospital,Thrissur,Thrissur,680596,"Medical College Hospital Mulangunnathukavu P.O"
"Govt.Medical College,Ernakulam",Ernakulam,Kalamassery,683503,"Hmt Colony.P.O,Kalamassery"
Govt.Thqh Karunagappally,Kollam,Karunagappally,690518,"Govt.Taluk Head Quarters Hospital,Karunagappally.690518"
Govt: Medical College Hospital Idukki( Dh Idukki),Idukki,Cheruthony,685602,Idukki Colony P.O Cheruthony
"Hcd,Karunagappally",Kollam,Punalur,691305,"Superintendent,Thqh Punalur,Punalur Po,Kollam"
"Institute For Communicative And Cognitive Neurosciences (Iccons)",Palakkad,Shoranur,679523,"Institute For Communicative And Cognitve Neurosciences (Iccons), Kavalappara P.O., Shoranur"
Institute Of Chest Diseases Govt.Medical College Kozhikode,Kozhikode,Kozhikode,673008,Institute Of Chest Diseasesgovt.Medical College(P.O) Medical Collegekozhikode- 673008
"Institute Of Child Health ,Govt.Medical College, Kottayam",Kottayam,Kottayam,686561,Ich Gandhinagar Kottayam
"Institute Of Maternal And Child Health, Govt. Medical College Kozhikode",Kozhikode,Kozhikode,673008,"Institute Of Maternal And Child Health, Govt. Medical College Kozhikode"
K R Narayanan Memmorial Speciality Hospital Uzhavoor,Kottayam,Kottayam,686636,Uzhavoor
"Malabar Cancer Centre Thalassery",Kannur,Thalassery,670103,Malabar Cancer Centre
Medical College Chest Hospital,Thrissur,Mulangunnathukavu,680596,"Medical College Chest Hospital, Mulangunnathukavu P.O"
Medical College Kozhikode,Kozhikode,Kozhikode,673008,Medical College Hospital Kozhikode
"Medical College Thiruvanthapuram",Thiruvananthapuram,Trivandrum,695011,"Medical College Thiruvanthapuram "
Medical College Vandanam,Alappuzha,Vandanam,688005,"Govt Tdmch Vandanam Alappuzha, Pin 688005"
Pariyaram Medical College,Kannur,Pariyaram,500001,"Kchc Complex Pariyaram Medicqal College Po Pariyaram"
Phc Mundankunnu,Kottayam,Kottayam,6686503,"Phc Mundankunnu,Manalumkal .P.O ,Kottayam,Kerala"
Rama Rao Memorial Taluk Hospital Nedungolam,Kollam,Paravur,691334,Rama Rao Memorial Taluk Hospital Nedungolam
Regional Cancer Centre,Thiruvananthapuram,Thriuvananthapuram,695011,Regional Cancer Centre
"Regional Institute Of Ophthalmology",Thiruvananthapuram,Corporation,695001,"Near General Hospital Junction,Vanchiyoor Po Trivandrum"
Rtc 3 Hospital Crpf Peringome,Kannur,Peringome,670353,Rtc 3 Hospital Crpf Peringome
Sat Hospital,Thiruvananthapuram,Trivandrum,695011,"Govt Medical College Medical College Junction Trivandrum"
Sree Chitra Tirunal Institute For Medical Sciences & Technology,Thiruvananthapuram,Trivandrum,695011,Sree Chitra Tirunal Institute For Medical Sciences & Technology Medical College Po
"Taluk Head Quarters Hopsital, Kottarakara",Kollam,Kottarakara,691506,"Taluk Head Quarters Hospital, Kottarakara, Market Jn, Kottarakara P.O- 691506"
Taluk Head Quarters Hospital,Pathanamthitta,Konni,689691,"Taluk Head Quarters Hospital , Near Elephant Cage, Konni"
"Taluk Head Quarters Hospital , Koyilandy",Kozhikode,Koyilandy,673305,"Govt. Thq Hospital, Koyilandy Koyilandy, Kozhikode"
"Taluk Head Quarters Hospital ,Malappuram",Malappuram,Malappuram,676519,"Taluk Head Quarters Hospital Kottappadi Malappuram"
"Taluk Head Quarters Hospital Cherthala",Alappuzha,Cherthala,688524,"Taluk Hospital, Cherthala P.O"
Taluk Head Quarters Hospital Kondotty,Malappuram,Kondotty,673638,"Taluk Head Quarters Hospital Kondotty, Kondotty (Po), Malappuram (Dt), 673638"
"Taluk Head Quarters Hospital Ottapalam",Palakkad,Ottapalam,679102,"Taluk Head Quarters Hospital Ottapalam Kerala"
"Taluk Head Quarters Hospital Pattambi",Palakkad,Pattambi,679303,"Taluk Head Quarters Hospital Pattambi , Palakkad Dist Kerala"
"Taluk Head Quarters Hospital, Chirayinkeezhu",Thiruvananthapuram,Trivandrum,695304,"Taluk Head Quarters Hospital, Chirayinkeezhu"
"Taluk Head Quarters Hospital, Perumbavoor",Ernakulam,Perumbavoor,683542,"Taluk Head Quarters Hospital Perumbavoor, Opp. Union Bank, A.M. Road Perumbavoor"
"Taluk Head Quarters Hospital,Alathur",Palakkad,Alathur,678541,
"Taluk Head Quarters Hospital,Nedumkandam",Idukki,Nedumkandam,685553,"Taluk Head Quarters Hospital,Nedumkandam"
Taluk Head Quartershospital Chittur,Palakkad,Chittur,678101,"Superintendent Taluk Head Quarters Hospital,Hospital Junction ,Chittur-678101"
"Taluk Headquartes Hospital Nileshwar",Kasaragod,Nileshwar,671314,"Vallikkunnu, Nileshwar"
Taluk Hospital Nadapuram,Kozhikode,Nadapuram,673504,Taluk Hospital Nadapuram.P.Onadapuram
Taluk Hospital Balussery,Kozhikode,Balussery,673612,"Th Balussery, Balussery Mukku, Balussery,"
Taluk Hospital Iritty,Kannur,Iritty,670703,"Taluk Hospital Iritty , Iritty P.O"
Taluk Hospital Kadakkal,Kollam,Kollam,591536,"Kadakkal Po, Kollam"
Taluk Hospital Kattappana,Idukki,Kattappana,685511,"Taluk Hospital Kattappana, Thovarayar P. O 20 Acre"
Taluk Hospital Kunnamkulam,Thrissur,Kunnamkulam,680503,Near Police Station Kunnamkulam
Taluk Hospital Kuthuparamba,Kannur,Kuthuparamba,670641,Taluk Hospital Kuthuparamba
Taluk Hospital Kuttiady,Kozhikode,Kuttiady,673508,Taluk Hospital Kuttiady
Taluk Hospital Neendakara,Kollam,Neendakara,691582,Taluk Hospital Neendakara
Taluk Hospital Payyanur,Kannur,Payyannur,670307,"Annur Road, Payyannur"
Taluk Hospital Perambra,Kozhikode,Kozhikode,673525,Perambra Post
Taluk Hospital Piravom,Ernakulam,Piravom,686664,"Taluk Hospital Piravom,Piravom P O ,Ernakulam"
Taluk Hospital Pudukad,Thrissur,Pudukad,680301,Pudukkad
Taluk Hospital Thuravoor,Alappuzha,Cherthala,688532,"Taluk Hospital Thuravoor P O Cherthala Alappuzha"
Taluk Hospital Varkala,Thiruvananthapuram,Varkala,695141,Taluk Hospital Varkala
Taluk Hospital Wandor,Malappuram,Wandor,679328,Taluk Hospital Wandor Malappuram
"Taluk Hospital, Areekode",Malappuram,Areekode,673639,"Near Police Station, Areekode Post"
Th Angamaly,Ernakulam,Angamaly,683572,Near Ksrtc Bus Station
Th Attingal,Thiruvananthapuram,Attingal,695104,Th Attingal
Th Bedadka,Kasaragod,Kasaragod,671541,"Th Bedadka,Bedadka,Kasragod"
Th Fort,Thiruvananthapuram,Trivandrum Corporation,695023,"Taluk Hospital Fort,Fort P O Trivandrum"
Th Nemom,Thiruvananthapuram,Trivandrum,695020,"Taluk Hospital, Santhivila, Nemom P O"
Th Panathady,Kasaragod,Poodamkallu,671532,"Th Panathady,Rajapuram P.O,Poodamkallu."
Th Peravoor,Kannur,Peravoor,670673,Th Peravoor Kannur