{
    "message": "Success",
    "status": "success",
    "data": {
        "bar_chart_data": {
            "labels": ["Jan", "Feb", "Mar", "Apr", "May", "Jun"],
            "datasets": [
                {
                    "label": "Patients In",
                    "backgroundColor": "rgba(0, 158, 251, 0.5)",
                    "borderColor": "rgba(0, 158, 251, 1)",
                    "borderWidth": 1,
                    "data": [100, 170, 220, 2100, 3120, 4350, 4350]
                },
                {
                    "label": "Covid Patients",
                    "backgroundColor": "rgba(255, 188, 53, 0.5)",
                    "borderColor": "rgba(255, 188, 53, 1)",
                    "borderWidth": 1,
                    "data": [28, 48, 140, 219, 2386, 3127, 4190]
                }
            ]
        },
        "line_chart_data": {
            "labels": ["Jan", "Feb", "Mar", "Apr", "May", "Jun", "Jul", "Aug", "Sep", "Oct", "Nov", "Dec"],
            "datasets": [
                {
                    "label": "Total Patients",
                    "backgroundColor": "rgba(0, 158, 251, 0.5)",
                    "data": [100, 170, 220, 2100, 3120, 4350, 10270, 28950, 37650, 44100, 43150, 31190]
                }
            ]
        },
        "total_doctors": 2123,
        "total_patients": 31190,
        "total_icu_beds": 1234,
        "oxygen_availability": 724,
        "hospital_management": [
            {
                "percent": 20,
                "title": "OPD Patient"
            },
            {
                "percent": 70,
                "title": "New Patient"
            },
            {
                "percent": 85,
                "title": "Laboratory Test"
            },
            {
                "percent": 72,
                "title": "Treatment"
            },
            {
                "percent": 25,
                "title": "Discharge"
            }
        ],
        "hospital_details": [
            {
                "hospital_name": "Govt Medical College Trivandrum",
                "location": "Trivandrum",
                "id": "42345321123",
                "total_beds": 74234,
                "available_beds": 322,
                "no_of_departments": 44
            },
            {
                "hospital_name": "Govt Medical Palakkadu",
                "location": "Palakkadu",
                "id": "42345321098",
                "total_beds": 53234,
                "available_beds": 1322,
                "no_of_departments": 38
            },
            {
                "hospital_name": "Amritha Institute of medical sciences hospital",
                "location": "Kochi",
                "id": "42345354309",
                "total_beds": 44500,
                "available_beds": 2322,
                "no_of_departments": 34
            },
            {
                "hospital_name": "Aster MedCity",
                "location": "Kochi",
                "id": "42356744391",
                "total_beds": 34500,
                "available_beds": 2322,
                "no_of_departments": 30
            },
            {
                "hospital_name": "Kerala Institute Of Medical Sciences (KIMS)",
                "location": "Trivandrum",
                "id": "42356740978",
                "total_beds": 28500,
                "available_beds": 2322,
                "no_of_departments": 3254
            }
        ],
        "disease_details": [
            {
                "name": "Covid-19",
                "id": "45454",
                "patients": 354253,
                "increased": 12,
                "decreased": 0
            },
            {
                "name": "Black Fungus",
                "id": "45455",
                "patients": 3543,
                "increased": 5,
                "decreased": 0
            },
            {
                "name": "Cancer",
                "id": "45400",
                "patients": 174212,
                "increased": 0,
                "decreased": 10
            },
            {
                "name": "Type II Diabeties",
                "id": "25351",
                "patients": 3542531,
                "increased": 3,
                "decreased": 0
            },
            {
                "name": "Hepatitis-B",
                "id": "35321",
                "patients": 3542,
                "increased": 0,
                "decreased": 2
            },
            {
                "name": "Heart Attack",
                "id": "14221",
                "patients": 54531,
                "increased": 0,
                "decreased": 10
            }
        ],
        "lab_details": [
            {
                "name": "Govt Medical College Laboratory",
                "id": "312312",
                "location": "Trivandrum",
                "contact": "0471-2726935"
            },
            {
                "name": "Satheesh Lab Medical College",
                "id": "678432",
                "location": "Trivandrum",
                "contact": "0471-2547898"
            },
            {
                "name": "DDRC Thycadu",
                "id": "312124",
                "location": "Trivandrum",
                "contact": "0471-2727845"
            },
            {
                "name": "Metro Scan and Laboratory",
                "id": "567754",
                "location": "Trivandrum",
                "contact": "0471-2965482"
            }
        ]
    }
}