{
    "message" : "Success",
    "status" : "success",
    "data" : {
      "mainRole": "admin",
      "otherRoles": [
        {
          "key" : "changePassword",
          "Value" : "Change Password"
        },
        {
          "key" : "logout",
          "Value" : "Logout"
        }
      ],
      "sideMenu": [
        {
          "value": "Appointments",
          "key": "appointments",
          "iconClass": "fa-calendar",
          "children": []
        },
        {
          "value": "Profile",
          "key": "profileDetails",
          "iconClass": "fa-user",
          "children": []
        },
        {
          "value": "Patients",
          "key": "patientsDetails",
          "iconClass": "fa-wheelchair",
          "children": []
        }
      ],
      "commentedMenu": [
        {
          "comment" : "Json not support comment this feature can include later",
          "value": "Admin Dashboard",
          "key": "adminDashboard",
          "iconClass": "fa-tachometer",
          "children": []
        }
      ]
    }
  }