{
  "message" : "Success",
  "status" : "success",
  "data" : {
    "mainRole": "admin",
    "otherRoles": [
      {
        "key" : "changePassword",
        "Value" : "Change Password"
      },
      {
        "key" : "logout",
        "Value" : "Logout"
      }
    ],
    "sideMenu": [
      {
        "value": "Dashboard",
        "key": "adminDashboard",
        "iconClass": "fa-dashboard",
        "children": []
      },
      {
        "value": "Diseases",
        "key": "diseaseDetails",
        "iconClass": "fa-table",
        "children": []
      },
      {
        "value": "Doctors",
        "key": "doctorsDetails",
        "iconClass": "fa-user-md",
        "children": []
      },
      {
        "value": "Patients",
        "key": "patientsDetails",
        "iconClass": "fa-wheelchair",
        "children": []
      },
      {
        "value": "Appointments",
        "key": "appointments",
        "iconClass": "fa-calendar",
        "children": []
      },
      {
        "value": "Profile",
        "key": "profileDetails",
        "iconClass": "fa-user",
        "children": []
      }
    ],
    "commentedMenu": [
      {
        "comment" : "Json not support comment this feature can include later",
        "value": "Admin Dashboard",
        "key": "adminDashboard",
        "iconClass": "fa-tachometer",
        "children": []
      }
    ]
  }
}